-- phpMyAdmin SQL Dump
-- version 5.0.2
-- https://www.phpmyadmin.net/
--
-- Servidor: 127.0.0.1
-- Tiempo de generación: 06-05-2020 a las 18:33:16
-- Versión del servidor: 10.4.11-MariaDB
-- Versión de PHP: 7.4.4

SET SQL_MODE = "NO_AUTO_VALUE_ON_ZERO";
START TRANSACTION;


/*!40101 SET @OLD_CHARACTER_SET_CLIENT=@@CHARACTER_SET_CLIENT */;
/*!40101 SET @OLD_CHARACTER_SET_RESULTS=@@CHARACTER_SET_RESULTS */;
/*!40101 SET @OLD_COLLATION_CONNECTION=@@COLLATION_CONNECTION */;
/*!40101 SET NAMES utf8mb4 */;

--
-- Base de datos: `mun`
--

--
-- Volcado de datos para la tabla `comunas`
--

INSERT INTO `comunas` (`id`, `nombre_com`) VALUES(1, 'No Aplica');
INSERT INTO `comunas` (`id`, `nombre_com`) VALUES(2, 'Comuna 1 – París ');
INSERT INTO `comunas` (`id`, `nombre_com`) VALUES(3, 'Comuna 2 – La Madera');
INSERT INTO `comunas` (`id`, `nombre_com`) VALUES(4, 'Comuna 3 – Santa Ana');
INSERT INTO `comunas` (`id`, `nombre_com`) VALUES(5, 'Comuna 4 – Suaréz');
INSERT INTO `comunas` (`id`, `nombre_com`) VALUES(6, 'Comuna 5 – La Cumbre');
INSERT INTO `comunas` (`id`, `nombre_com`) VALUES(7, 'Comuna 6 – Bella Vista');
INSERT INTO `comunas` (`id`, `nombre_com`) VALUES(8, 'Comuna 7 – Altos de Niquía');
INSERT INTO `comunas` (`id`, `nombre_com`) VALUES(9, 'Comuna 8 – Niquía');
INSERT INTO `comunas` (`id`, `nombre_com`) VALUES(10, 'Comuna 9 – Guasimalito');
INSERT INTO `comunas` (`id`, `nombre_com`) VALUES(11, 'Comuna 10 – Fontidueño');
INSERT INTO `comunas` (`id`, `nombre_com`) VALUES(12, 'Comuna 11 – Zamora');
INSERT INTO `comunas` (`id`, `nombre_com`) VALUES(13, 'Comuna 1 – Popular');
INSERT INTO `comunas` (`id`, `nombre_com`) VALUES(14, 'Comuna 2 – Santa Cruz');
INSERT INTO `comunas` (`id`, `nombre_com`) VALUES(15, 'Comuna 3 – Manrique');
INSERT INTO `comunas` (`id`, `nombre_com`) VALUES(16, 'Comuna 4 – Aranjuez');
INSERT INTO `comunas` (`id`, `nombre_com`) VALUES(17, 'Comuna 5 – Castilla');
INSERT INTO `comunas` (`id`, `nombre_com`) VALUES(18, 'Comuna 6 – Doce de Octubre');
INSERT INTO `comunas` (`id`, `nombre_com`) VALUES(19, 'Comuna 7 – Robledo');
INSERT INTO `comunas` (`id`, `nombre_com`) VALUES(20, 'Comuna 8 – Villa Hermosa');
INSERT INTO `comunas` (`id`, `nombre_com`) VALUES(21, 'Comuna 9 – Buenos Aires');
INSERT INTO `comunas` (`id`, `nombre_com`) VALUES(22, 'Comuna 10 – La Candelaria');
INSERT INTO `comunas` (`id`, `nombre_com`) VALUES(23, 'Comuna 11 – Laureles - Estadio');
INSERT INTO `comunas` (`id`, `nombre_com`) VALUES(24, 'Comuna 12 – La América');
INSERT INTO `comunas` (`id`, `nombre_com`) VALUES(25, 'Comuna 13 – San Javier');
INSERT INTO `comunas` (`id`, `nombre_com`) VALUES(26, 'Comuna 14 – El Poblado');
INSERT INTO `comunas` (`id`, `nombre_com`) VALUES(27, 'Comuna 15 – Guayabal');
INSERT INTO `comunas` (`id`, `nombre_com`) VALUES(28, 'Comuna 16 – Belén');
INSERT INTO `comunas` (`id`, `nombre_com`) VALUES(29, 'Corregimiento – San Sebastián de Palmitas');
INSERT INTO `comunas` (`id`, `nombre_com`) VALUES(30, 'Corregimiento – San Cristóbal');
INSERT INTO `comunas` (`id`, `nombre_com`) VALUES(31, 'Corregimiento – San Antonio de Prado');
INSERT INTO `comunas` (`id`, `nombre_com`) VALUES(32, 'Corregimiento – Santa Elena');
INSERT INTO `comunas` (`id`, `nombre_com`) VALUES(33, 'Corregimiento – Altavista');
INSERT INTO `comunas` (`id`, `nombre_com`) VALUES(34, 'Comuna 1');
INSERT INTO `comunas` (`id`, `nombre_com`) VALUES(35, 'Comuna 2');
INSERT INTO `comunas` (`id`, `nombre_com`) VALUES(36, 'Comuna 3');
INSERT INTO `comunas` (`id`, `nombre_com`) VALUES(37, 'Comuna 4');
INSERT INTO `comunas` (`id`, `nombre_com`) VALUES(38, 'Comuna 5');
INSERT INTO `comunas` (`id`, `nombre_com`) VALUES(39, 'Comuna 6');
INSERT INTO `comunas` (`id`, `nombre_com`) VALUES(40, 'Corregimiento – Manzanillo');

--
-- Volcado de datos para la tabla `municipios`
--

INSERT INTO `municipios` (`id`, `nombre_mun`) VALUES(1, 'Barbosa');
INSERT INTO `municipios` (`id`, `nombre_mun`) VALUES(2, 'Bello');
INSERT INTO `municipios` (`id`, `nombre_mun`) VALUES(3, 'Caldas');
INSERT INTO `municipios` (`id`, `nombre_mun`) VALUES(4, 'Copacabana');
INSERT INTO `municipios` (`id`, `nombre_mun`) VALUES(5, 'Envigado');
INSERT INTO `municipios` (`id`, `nombre_mun`) VALUES(6, 'Girardota');
INSERT INTO `municipios` (`id`, `nombre_mun`) VALUES(7, 'Itagüí');
INSERT INTO `municipios` (`id`, `nombre_mun`) VALUES(8, 'La Estrella');
INSERT INTO `municipios` (`id`, `nombre_mun`) VALUES(9, 'Medellín');
INSERT INTO `municipios` (`id`, `nombre_mun`) VALUES(10, 'Sabaneta');

--
-- Volcado de datos para la tabla `sectores`
--

INSERT INTO `sectores` (`id`, `municipio_id`, `comuna_id`, `nombre_sect`, `tipo`) VALUES(1, 1, 1, 'Centro', 1);
INSERT INTO `sectores` (`id`, `municipio_id`, `comuna_id`, `nombre_sect`, `tipo`) VALUES(2, 1, 1, 'Leticia', 1);
INSERT INTO `sectores` (`id`, `municipio_id`, `comuna_id`, `nombre_sect`, `tipo`) VALUES(3, 1, 1, 'Aguas Calientes', 1);
INSERT INTO `sectores` (`id`, `municipio_id`, `comuna_id`, `nombre_sect`, `tipo`) VALUES(4, 1, 1, 'El Progreso', 1);
INSERT INTO `sectores` (`id`, `municipio_id`, `comuna_id`, `nombre_sect`, `tipo`) VALUES(5, 1, 1, 'Robles', 1);
INSERT INTO `sectores` (`id`, `municipio_id`, `comuna_id`, `nombre_sect`, `tipo`) VALUES(6, 1, 1, 'La Esmeralda', 1);
INSERT INTO `sectores` (`id`, `municipio_id`, `comuna_id`, `nombre_sect`, `tipo`) VALUES(7, 1, 1, 'El Portón', 1);
INSERT INTO `sectores` (`id`, `municipio_id`, `comuna_id`, `nombre_sect`, `tipo`) VALUES(8, 1, 1, 'Buenos Aires', 1);
INSERT INTO `sectores` (`id`, `municipio_id`, `comuna_id`, `nombre_sect`, `tipo`) VALUES(9, 1, 1, '30 de mayo', 1);
INSERT INTO `sectores` (`id`, `municipio_id`, `comuna_id`, `nombre_sect`, `tipo`) VALUES(10, 1, 1, 'Pepe Sierra I', 1);
INSERT INTO `sectores` (`id`, `municipio_id`, `comuna_id`, `nombre_sect`, `tipo`) VALUES(11, 1, 1, 'Pepe Sierra II', 1);
INSERT INTO `sectores` (`id`, `municipio_id`, `comuna_id`, `nombre_sect`, `tipo`) VALUES(12, 1, 1, 'Barrios de Jesús', 1);
INSERT INTO `sectores` (`id`, `municipio_id`, `comuna_id`, `nombre_sect`, `tipo`) VALUES(13, 1, 1, 'Santiago de Caballeros', 1);
INSERT INTO `sectores` (`id`, `municipio_id`, `comuna_id`, `nombre_sect`, `tipo`) VALUES(14, 1, 1, 'Cecilia Caballeros', 1);
INSERT INTO `sectores` (`id`, `municipio_id`, `comuna_id`, `nombre_sect`, `tipo`) VALUES(15, 1, 1, 'Santa Mónica', 1);
INSERT INTO `sectores` (`id`, `municipio_id`, `comuna_id`, `nombre_sect`, `tipo`) VALUES(16, 1, 1, 'Aguas Claras', 0);
INSERT INTO `sectores` (`id`, `municipio_id`, `comuna_id`, `nombre_sect`, `tipo`) VALUES(17, 1, 1, 'Altamira', 0);
INSERT INTO `sectores` (`id`, `municipio_id`, `comuna_id`, `nombre_sect`, `tipo`) VALUES(18, 1, 1, 'Buenos Aires parte alta', 0);
INSERT INTO `sectores` (`id`, `municipio_id`, `comuna_id`, `nombre_sect`, `tipo`) VALUES(19, 1, 1, 'Buenos Aires baja', 0);
INSERT INTO `sectores` (`id`, `municipio_id`, `comuna_id`, `nombre_sect`, `tipo`) VALUES(20, 1, 1, 'Buga - Cestillal', 0);
INSERT INTO `sectores` (`id`, `municipio_id`, `comuna_id`, `nombre_sect`, `tipo`) VALUES(21, 1, 1, 'Chorrohondo', 0);
INSERT INTO `sectores` (`id`, `municipio_id`, `comuna_id`, `nombre_sect`, `tipo`) VALUES(22, 1, 1, 'Corrientes', 0);
INSERT INTO `sectores` (`id`, `municipio_id`, `comuna_id`, `nombre_sect`, `tipo`) VALUES(23, 1, 1, 'Dos Quebradas', 0);
INSERT INTO `sectores` (`id`, `municipio_id`, `comuna_id`, `nombre_sect`, `tipo`) VALUES(24, 1, 1, 'El Cortado', 0);
INSERT INTO `sectores` (`id`, `municipio_id`, `comuna_id`, `nombre_sect`, `tipo`) VALUES(25, 1, 1, 'El Guayabo', 0);
INSERT INTO `sectores` (`id`, `municipio_id`, `comuna_id`, `nombre_sect`, `tipo`) VALUES(26, 1, 1, 'El Hoyo', 0);
INSERT INTO `sectores` (`id`, `municipio_id`, `comuna_id`, `nombre_sect`, `tipo`) VALUES(27, 1, 1, 'El Paraíso', 0);
INSERT INTO `sectores` (`id`, `municipio_id`, `comuna_id`, `nombre_sect`, `tipo`) VALUES(28, 1, 1, 'El Salado', 0);
INSERT INTO `sectores` (`id`, `municipio_id`, `comuna_id`, `nombre_sect`, `tipo`) VALUES(29, 1, 1, 'El Tablazo Hatillo', 0);
INSERT INTO `sectores` (`id`, `municipio_id`, `comuna_id`, `nombre_sect`, `tipo`) VALUES(30, 1, 1, 'El Tablazo Popalito', 0);
INSERT INTO `sectores` (`id`, `municipio_id`, `comuna_id`, `nombre_sect`, `tipo`) VALUES(31, 1, 1, 'El Tigre', 0);
INSERT INTO `sectores` (`id`, `municipio_id`, `comuna_id`, `nombre_sect`, `tipo`) VALUES(32, 1, 1, 'El Viento', 0);
INSERT INTO `sectores` (`id`, `municipio_id`, `comuna_id`, `nombre_sect`, `tipo`) VALUES(33, 1, 1, 'Filoverde', 0);
INSERT INTO `sectores` (`id`, `municipio_id`, `comuna_id`, `nombre_sect`, `tipo`) VALUES(34, 1, 1, 'Graciano', 0);
INSERT INTO `sectores` (`id`, `municipio_id`, `comuna_id`, `nombre_sect`, `tipo`) VALUES(35, 1, 1, 'Guayabal', 0);
INSERT INTO `sectores` (`id`, `municipio_id`, `comuna_id`, `nombre_sect`, `tipo`) VALUES(36, 1, 1, 'Isaza', 0);
INSERT INTO `sectores` (`id`, `municipio_id`, `comuna_id`, `nombre_sect`, `tipo`) VALUES(37, 1, 1, 'La Aguada', 0);
INSERT INTO `sectores` (`id`, `municipio_id`, `comuna_id`, `nombre_sect`, `tipo`) VALUES(38, 1, 1, 'La Calda', 0);
INSERT INTO `sectores` (`id`, `municipio_id`, `comuna_id`, `nombre_sect`, `tipo`) VALUES(39, 1, 1, 'La Cejita', 0);
INSERT INTO `sectores` (`id`, `municipio_id`, `comuna_id`, `nombre_sect`, `tipo`) VALUES(40, 1, 1, 'La Chapa Alta', 0);
INSERT INTO `sectores` (`id`, `municipio_id`, `comuna_id`, `nombre_sect`, `tipo`) VALUES(41, 1, 1, 'La Chorrera', 0);
INSERT INTO `sectores` (`id`, `municipio_id`, `comuna_id`, `nombre_sect`, `tipo`) VALUES(42, 1, 1, 'La Cuesta', 0);
INSERT INTO `sectores` (`id`, `municipio_id`, `comuna_id`, `nombre_sect`, `tipo`) VALUES(43, 1, 1, 'La Ese', 0);
INSERT INTO `sectores` (`id`, `municipio_id`, `comuna_id`, `nombre_sect`, `tipo`) VALUES(44, 1, 1, 'La Gómez', 0);
INSERT INTO `sectores` (`id`, `municipio_id`, `comuna_id`, `nombre_sect`, `tipo`) VALUES(45, 1, 1, 'La Herradura', 0);
INSERT INTO `sectores` (`id`, `municipio_id`, `comuna_id`, `nombre_sect`, `tipo`) VALUES(46, 1, 1, 'La Montañita', 0);
INSERT INTO `sectores` (`id`, `municipio_id`, `comuna_id`, `nombre_sect`, `tipo`) VALUES(47, 1, 1, 'La Montera', 0);
INSERT INTO `sectores` (`id`, `municipio_id`, `comuna_id`, `nombre_sect`, `tipo`) VALUES(48, 1, 1, 'La Playa', 0);
INSERT INTO `sectores` (`id`, `municipio_id`, `comuna_id`, `nombre_sect`, `tipo`) VALUES(49, 1, 1, 'La Primavera', 0);
INSERT INTO `sectores` (`id`, `municipio_id`, `comuna_id`, `nombre_sect`, `tipo`) VALUES(50, 1, 1, 'La Quiebra', 0);
INSERT INTO `sectores` (`id`, `municipio_id`, `comuna_id`, `nombre_sect`, `tipo`) VALUES(51, 1, 1, 'La Tolda', 0);
INSERT INTO `sectores` (`id`, `municipio_id`, `comuna_id`, `nombre_sect`, `tipo`) VALUES(52, 1, 1, 'Las Lajas', 0);
INSERT INTO `sectores` (`id`, `municipio_id`, `comuna_id`, `nombre_sect`, `tipo`) VALUES(53, 1, 1, 'Las Peñas', 0);
INSERT INTO `sectores` (`id`, `municipio_id`, `comuna_id`, `nombre_sect`, `tipo`) VALUES(54, 1, 1, 'Las Victorias', 0);
INSERT INTO `sectores` (`id`, `municipio_id`, `comuna_id`, `nombre_sect`, `tipo`) VALUES(55, 1, 1, 'Matasanos', 0);
INSERT INTO `sectores` (`id`, `municipio_id`, `comuna_id`, `nombre_sect`, `tipo`) VALUES(56, 1, 1, 'Mocorongo', 0);
INSERT INTO `sectores` (`id`, `municipio_id`, `comuna_id`, `nombre_sect`, `tipo`) VALUES(57, 1, 1, 'Mocoronguito', 0);
INSERT INTO `sectores` (`id`, `municipio_id`, `comuna_id`, `nombre_sect`, `tipo`) VALUES(58, 1, 1, 'Monte loro', 0);
INSERT INTO `sectores` (`id`, `municipio_id`, `comuna_id`, `nombre_sect`, `tipo`) VALUES(59, 1, 1, 'Monterredondo', 0);
INSERT INTO `sectores` (`id`, `municipio_id`, `comuna_id`, `nombre_sect`, `tipo`) VALUES(60, 1, 1, 'Pachohondo', 0);
INSERT INTO `sectores` (`id`, `municipio_id`, `comuna_id`, `nombre_sect`, `tipo`) VALUES(61, 1, 1, 'Pantanillo', 0);
INSERT INTO `sectores` (`id`, `municipio_id`, `comuna_id`, `nombre_sect`, `tipo`) VALUES(62, 1, 1, 'Platanito', 0);
INSERT INTO `sectores` (`id`, `municipio_id`, `comuna_id`, `nombre_sect`, `tipo`) VALUES(63, 1, 1, 'Potrerito', 0);
INSERT INTO `sectores` (`id`, `municipio_id`, `comuna_id`, `nombre_sect`, `tipo`) VALUES(64, 1, 1, 'Quintero', 0);
INSERT INTO `sectores` (`id`, `municipio_id`, `comuna_id`, `nombre_sect`, `tipo`) VALUES(65, 1, 1, 'San Eugenio', 0);
INSERT INTO `sectores` (`id`, `municipio_id`, `comuna_id`, `nombre_sect`, `tipo`) VALUES(66, 1, 1, 'Tamborcito', 0);
INSERT INTO `sectores` (`id`, `municipio_id`, `comuna_id`, `nombre_sect`, `tipo`) VALUES(67, 1, 1, 'Ventanas', 0);
INSERT INTO `sectores` (`id`, `municipio_id`, `comuna_id`, `nombre_sect`, `tipo`) VALUES(68, 1, 1, 'Volantín', 0);
INSERT INTO `sectores` (`id`, `municipio_id`, `comuna_id`, `nombre_sect`, `tipo`) VALUES(69, 6, 1, 'La Ceiba', 1);
INSERT INTO `sectores` (`id`, `municipio_id`, `comuna_id`, `nombre_sect`, `tipo`) VALUES(70, 6, 1, 'Centro', 1);
INSERT INTO `sectores` (`id`, `municipio_id`, `comuna_id`, `nombre_sect`, `tipo`) VALUES(71, 6, 1, 'El Llano', 1);
INSERT INTO `sectores` (`id`, `municipio_id`, `comuna_id`, `nombre_sect`, `tipo`) VALUES(72, 6, 1, 'El Paraíso', 1);
INSERT INTO `sectores` (`id`, `municipio_id`, `comuna_id`, `nombre_sect`, `tipo`) VALUES(73, 6, 1, 'El Salado', 1);
INSERT INTO `sectores` (`id`, `municipio_id`, `comuna_id`, `nombre_sect`, `tipo`) VALUES(74, 6, 1, 'La Ferrería', 1);
INSERT INTO `sectores` (`id`, `municipio_id`, `comuna_id`, `nombre_sect`, `tipo`) VALUES(75, 6, 1, 'La Florida', 1);
INSERT INTO `sectores` (`id`, `municipio_id`, `comuna_id`, `nombre_sect`, `tipo`) VALUES(76, 6, 1, 'Girardota La Nueva', 1);
INSERT INTO `sectores` (`id`, `municipio_id`, `comuna_id`, `nombre_sect`, `tipo`) VALUES(77, 6, 1, 'Guaduales', 1);
INSERT INTO `sectores` (`id`, `municipio_id`, `comuna_id`, `nombre_sect`, `tipo`) VALUES(78, 6, 1, 'Guayacanes', 1);
INSERT INTO `sectores` (`id`, `municipio_id`, `comuna_id`, `nombre_sect`, `tipo`) VALUES(79, 6, 1, 'Juan XXIII', 1);
INSERT INTO `sectores` (`id`, `municipio_id`, `comuna_id`, `nombre_sect`, `tipo`) VALUES(80, 6, 1, 'Montecarlo', 1);
INSERT INTO `sectores` (`id`, `municipio_id`, `comuna_id`, `nombre_sect`, `tipo`) VALUES(81, 6, 1, 'Naranjal', 1);
INSERT INTO `sectores` (`id`, `municipio_id`, `comuna_id`, `nombre_sect`, `tipo`) VALUES(82, 6, 1, 'Nuevo Horizonte', 1);
INSERT INTO `sectores` (`id`, `municipio_id`, `comuna_id`, `nombre_sect`, `tipo`) VALUES(83, 6, 1, 'Santa Ana', 1);
INSERT INTO `sectores` (`id`, `municipio_id`, `comuna_id`, `nombre_sect`, `tipo`) VALUES(84, 6, 1, 'San José', 1);
INSERT INTO `sectores` (`id`, `municipio_id`, `comuna_id`, `nombre_sect`, `tipo`) VALUES(85, 6, 1, 'Aurelio Mejía', 1);
INSERT INTO `sectores` (`id`, `municipio_id`, `comuna_id`, `nombre_sect`, `tipo`) VALUES(86, 6, 1, 'El Barro', 0);
INSERT INTO `sectores` (`id`, `municipio_id`, `comuna_id`, `nombre_sect`, `tipo`) VALUES(87, 6, 1, 'El Palmar', 0);
INSERT INTO `sectores` (`id`, `municipio_id`, `comuna_id`, `nombre_sect`, `tipo`) VALUES(88, 6, 1, 'El Socorro', 0);
INSERT INTO `sectores` (`id`, `municipio_id`, `comuna_id`, `nombre_sect`, `tipo`) VALUES(89, 6, 1, 'El Yarumo', 0);
INSERT INTO `sectores` (`id`, `municipio_id`, `comuna_id`, `nombre_sect`, `tipo`) VALUES(90, 6, 1, 'Jamundí', 0);
INSERT INTO `sectores` (`id`, `municipio_id`, `comuna_id`, `nombre_sect`, `tipo`) VALUES(91, 6, 1, 'La Mata', 0);
INSERT INTO `sectores` (`id`, `municipio_id`, `comuna_id`, `nombre_sect`, `tipo`) VALUES(92, 6, 1, 'Las Cuchillas Arriba', 0);
INSERT INTO `sectores` (`id`, `municipio_id`, `comuna_id`, `nombre_sect`, `tipo`) VALUES(93, 6, 1, 'Mercedes Abrego', 0);
INSERT INTO `sectores` (`id`, `municipio_id`, `comuna_id`, `nombre_sect`, `tipo`) VALUES(94, 6, 1, 'Portachuelo', 0);
INSERT INTO `sectores` (`id`, `municipio_id`, `comuna_id`, `nombre_sect`, `tipo`) VALUES(95, 6, 1, 'San Andrés', 0);
INSERT INTO `sectores` (`id`, `municipio_id`, `comuna_id`, `nombre_sect`, `tipo`) VALUES(96, 6, 1, 'San Diego', 0);
INSERT INTO `sectores` (`id`, `municipio_id`, `comuna_id`, `nombre_sect`, `tipo`) VALUES(97, 6, 1, 'San Esteban', 0);
INSERT INTO `sectores` (`id`, `municipio_id`, `comuna_id`, `nombre_sect`, `tipo`) VALUES(98, 6, 1, 'El Cano', 0);
INSERT INTO `sectores` (`id`, `municipio_id`, `comuna_id`, `nombre_sect`, `tipo`) VALUES(99, 6, 1, 'El Paraíso', 0);
INSERT INTO `sectores` (`id`, `municipio_id`, `comuna_id`, `nombre_sect`, `tipo`) VALUES(100, 6, 1, 'El Totumo', 0);
INSERT INTO `sectores` (`id`, `municipio_id`, `comuna_id`, `nombre_sect`, `tipo`) VALUES(101, 6, 1, 'Encenillos', 0);
INSERT INTO `sectores` (`id`, `municipio_id`, `comuna_id`, `nombre_sect`, `tipo`) VALUES(102, 6, 1, 'Juan Cojo', 0);
INSERT INTO `sectores` (`id`, `municipio_id`, `comuna_id`, `nombre_sect`, `tipo`) VALUES(103, 6, 1, 'La Calera', 0);
INSERT INTO `sectores` (`id`, `municipio_id`, `comuna_id`, `nombre_sect`, `tipo`) VALUES(104, 6, 1, 'La Holanda', 0);
INSERT INTO `sectores` (`id`, `municipio_id`, `comuna_id`, `nombre_sect`, `tipo`) VALUES(105, 6, 1, 'La Matica', 0);
INSERT INTO `sectores` (`id`, `municipio_id`, `comuna_id`, `nombre_sect`, `tipo`) VALUES(106, 6, 1, 'La Meseta', 0);
INSERT INTO `sectores` (`id`, `municipio_id`, `comuna_id`, `nombre_sect`, `tipo`) VALUES(107, 6, 1, 'La Palma', 0);
INSERT INTO `sectores` (`id`, `municipio_id`, `comuna_id`, `nombre_sect`, `tipo`) VALUES(108, 6, 1, 'Loma de los Ochoa', 0);
INSERT INTO `sectores` (`id`, `municipio_id`, `comuna_id`, `nombre_sect`, `tipo`) VALUES(109, 6, 1, 'Manga Arriba', 0);
INSERT INTO `sectores` (`id`, `municipio_id`, `comuna_id`, `nombre_sect`, `tipo`) VALUES(110, 6, 1, '0 Potrerito', 0);
INSERT INTO `sectores` (`id`, `municipio_id`, `comuna_id`, `nombre_sect`, `tipo`) VALUES(111, 4, 1, 'San Juan', 1);
INSERT INTO `sectores` (`id`, `municipio_id`, `comuna_id`, `nombre_sect`, `tipo`) VALUES(112, 4, 1, 'Tobón Quintero', 1);
INSERT INTO `sectores` (`id`, `municipio_id`, `comuna_id`, `nombre_sect`, `tipo`) VALUES(113, 4, 1, 'La María', 1);
INSERT INTO `sectores` (`id`, `municipio_id`, `comuna_id`, `nombre_sect`, `tipo`) VALUES(114, 4, 1, 'Yarumito', 1);
INSERT INTO `sectores` (`id`, `municipio_id`, `comuna_id`, `nombre_sect`, `tipo`) VALUES(115, 4, 1, 'El Tablazo', 1);
INSERT INTO `sectores` (`id`, `municipio_id`, `comuna_id`, `nombre_sect`, `tipo`) VALUES(116, 4, 1, 'Las Vegas', 1);
INSERT INTO `sectores` (`id`, `municipio_id`, `comuna_id`, `nombre_sect`, `tipo`) VALUES(117, 4, 1, 'El Mojón', 1);
INSERT INTO `sectores` (`id`, `municipio_id`, `comuna_id`, `nombre_sect`, `tipo`) VALUES(118, 4, 1, 'La Asunción', 1);
INSERT INTO `sectores` (`id`, `municipio_id`, `comuna_id`, `nombre_sect`, `tipo`) VALUES(119, 4, 1, 'Fátima', 1);
INSERT INTO `sectores` (`id`, `municipio_id`, `comuna_id`, `nombre_sect`, `tipo`) VALUES(120, 4, 1, 'La Azulita', 1);
INSERT INTO `sectores` (`id`, `municipio_id`, `comuna_id`, `nombre_sect`, `tipo`) VALUES(121, 4, 1, 'La Pedrera', 1);
INSERT INTO `sectores` (`id`, `municipio_id`, `comuna_id`, `nombre_sect`, `tipo`) VALUES(122, 4, 1, 'El Porvenir', 1);
INSERT INTO `sectores` (`id`, `municipio_id`, `comuna_id`, `nombre_sect`, `tipo`) VALUES(123, 4, 1, 'San Francisco', 1);
INSERT INTO `sectores` (`id`, `municipio_id`, `comuna_id`, `nombre_sect`, `tipo`) VALUES(124, 4, 1, 'Pedregal', 1);
INSERT INTO `sectores` (`id`, `municipio_id`, `comuna_id`, `nombre_sect`, `tipo`) VALUES(125, 4, 1, 'Miraflores', 1);
INSERT INTO `sectores` (`id`, `municipio_id`, `comuna_id`, `nombre_sect`, `tipo`) VALUES(126, 4, 1, 'El Remanso', 1);
INSERT INTO `sectores` (`id`, `municipio_id`, `comuna_id`, `nombre_sect`, `tipo`) VALUES(127, 4, 1, 'Cristo Rey', 1);
INSERT INTO `sectores` (`id`, `municipio_id`, `comuna_id`, `nombre_sect`, `tipo`) VALUES(128, 4, 1, 'La Misericordia', 1);
INSERT INTO `sectores` (`id`, `municipio_id`, `comuna_id`, `nombre_sect`, `tipo`) VALUES(129, 4, 1, 'El Recreo', 1);
INSERT INTO `sectores` (`id`, `municipio_id`, `comuna_id`, `nombre_sect`, `tipo`) VALUES(130, 4, 1, 'Machado', 1);
INSERT INTO `sectores` (`id`, `municipio_id`, `comuna_id`, `nombre_sect`, `tipo`) VALUES(131, 4, 1, 'Obrero', 1);
INSERT INTO `sectores` (`id`, `municipio_id`, `comuna_id`, `nombre_sect`, `tipo`) VALUES(132, 4, 1, 'Villa Nueva', 1);
INSERT INTO `sectores` (`id`, `municipio_id`, `comuna_id`, `nombre_sect`, `tipo`) VALUES(133, 4, 1, 'Simón Bolívar', 1);
INSERT INTO `sectores` (`id`, `municipio_id`, `comuna_id`, `nombre_sect`, `tipo`) VALUES(134, 4, 1, 'Quebrada Arriba ', 0);
INSERT INTO `sectores` (`id`, `municipio_id`, `comuna_id`, `nombre_sect`, `tipo`) VALUES(135, 4, 1, 'Sabaneta ', 0);
INSERT INTO `sectores` (`id`, `municipio_id`, `comuna_id`, `nombre_sect`, `tipo`) VALUES(136, 4, 1, 'Peñolcito ', 0);
INSERT INTO `sectores` (`id`, `municipio_id`, `comuna_id`, `nombre_sect`, `tipo`) VALUES(137, 4, 1, 'Cabuyal ', 0);
INSERT INTO `sectores` (`id`, `municipio_id`, `comuna_id`, `nombre_sect`, `tipo`) VALUES(138, 4, 1, 'Granizal', 0);
INSERT INTO `sectores` (`id`, `municipio_id`, `comuna_id`, `nombre_sect`, `tipo`) VALUES(139, 4, 1, 'El Convento ', 0);
INSERT INTO `sectores` (`id`, `municipio_id`, `comuna_id`, `nombre_sect`, `tipo`) VALUES(140, 4, 1, 'Fontidueño ', 0);
INSERT INTO `sectores` (`id`, `municipio_id`, `comuna_id`, `nombre_sect`, `tipo`) VALUES(141, 4, 1, 'Montañita', 0);
INSERT INTO `sectores` (`id`, `municipio_id`, `comuna_id`, `nombre_sect`, `tipo`) VALUES(142, 4, 1, 'El Salado ', 0);
INSERT INTO `sectores` (`id`, `municipio_id`, `comuna_id`, `nombre_sect`, `tipo`) VALUES(143, 4, 1, 'Alvarado ', 0);
INSERT INTO `sectores` (`id`, `municipio_id`, `comuna_id`, `nombre_sect`, `tipo`) VALUES(144, 4, 1, 'Ancón ', 0);
INSERT INTO `sectores` (`id`, `municipio_id`, `comuna_id`, `nombre_sect`, `tipo`) VALUES(145, 4, 1, 'Zarzal Curazao ', 0);
INSERT INTO `sectores` (`id`, `municipio_id`, `comuna_id`, `nombre_sect`, `tipo`) VALUES(146, 4, 1, 'El Noral', 0);
INSERT INTO `sectores` (`id`, `municipio_id`, `comuna_id`, `nombre_sect`, `tipo`) VALUES(147, 4, 1, 'La Veta ', 0);
INSERT INTO `sectores` (`id`, `municipio_id`, `comuna_id`, `nombre_sect`, `tipo`) VALUES(148, 4, 1, 'Zarzal La Luz', 0);
INSERT INTO `sectores` (`id`, `municipio_id`, `comuna_id`, `nombre_sect`, `tipo`) VALUES(149, 2, 2, 'Los Sauces', 1);
INSERT INTO `sectores` (`id`, `municipio_id`, `comuna_id`, `nombre_sect`, `tipo`) VALUES(150, 2, 2, 'El Cafetal', 1);
INSERT INTO `sectores` (`id`, `municipio_id`, `comuna_id`, `nombre_sect`, `tipo`) VALUES(151, 2, 2, 'La Pradera', 1);
INSERT INTO `sectores` (`id`, `municipio_id`, `comuna_id`, `nombre_sect`, `tipo`) VALUES(152, 2, 2, 'La Esmeralda', 1);
INSERT INTO `sectores` (`id`, `municipio_id`, `comuna_id`, `nombre_sect`, `tipo`) VALUES(153, 2, 2, 'París', 1);
INSERT INTO `sectores` (`id`, `municipio_id`, `comuna_id`, `nombre_sect`, `tipo`) VALUES(154, 2, 2, 'La Maruchenga', 1);
INSERT INTO `sectores` (`id`, `municipio_id`, `comuna_id`, `nombre_sect`, `tipo`) VALUES(155, 2, 2, 'José Antonio Galán', 1);
INSERT INTO `sectores` (`id`, `municipio_id`, `comuna_id`, `nombre_sect`, `tipo`) VALUES(156, 2, 2, 'Salvador Allende', 1);
INSERT INTO `sectores` (`id`, `municipio_id`, `comuna_id`, `nombre_sect`, `tipo`) VALUES(157, 2, 3, 'Barrio Nuevo', 1);
INSERT INTO `sectores` (`id`, `municipio_id`, `comuna_id`, `nombre_sect`, `tipo`) VALUES(158, 2, 3, 'La Cabañita', 1);
INSERT INTO `sectores` (`id`, `municipio_id`, `comuna_id`, `nombre_sect`, `tipo`) VALUES(159, 2, 3, 'La Cabaña', 1);
INSERT INTO `sectores` (`id`, `municipio_id`, `comuna_id`, `nombre_sect`, `tipo`) VALUES(160, 2, 3, 'La Madera', 1);
INSERT INTO `sectores` (`id`, `municipio_id`, `comuna_id`, `nombre_sect`, `tipo`) VALUES(161, 2, 3, 'La Florida', 1);
INSERT INTO `sectores` (`id`, `municipio_id`, `comuna_id`, `nombre_sect`, `tipo`) VALUES(162, 2, 3, 'Gran Avenida', 1);
INSERT INTO `sectores` (`id`, `municipio_id`, `comuna_id`, `nombre_sect`, `tipo`) VALUES(163, 2, 3, 'San José Obrero', 1);
INSERT INTO `sectores` (`id`, `municipio_id`, `comuna_id`, `nombre_sect`, `tipo`) VALUES(164, 2, 4, 'Villas de Occidente', 1);
INSERT INTO `sectores` (`id`, `municipio_id`, `comuna_id`, `nombre_sect`, `tipo`) VALUES(165, 2, 4, 'Molinares', 1);
INSERT INTO `sectores` (`id`, `municipio_id`, `comuna_id`, `nombre_sect`, `tipo`) VALUES(166, 2, 4, 'San Simón', 1);
INSERT INTO `sectores` (`id`, `municipio_id`, `comuna_id`, `nombre_sect`, `tipo`) VALUES(167, 2, 4, 'Amazonía', 1);
INSERT INTO `sectores` (`id`, `municipio_id`, `comuna_id`, `nombre_sect`, `tipo`) VALUES(168, 2, 4, 'Santa Ana', 1);
INSERT INTO `sectores` (`id`, `municipio_id`, `comuna_id`, `nombre_sect`, `tipo`) VALUES(169, 2, 4, 'Los Búcaros', 1);
INSERT INTO `sectores` (`id`, `municipio_id`, `comuna_id`, `nombre_sect`, `tipo`) VALUES(170, 2, 4, 'Serramonte', 1);
INSERT INTO `sectores` (`id`, `municipio_id`, `comuna_id`, `nombre_sect`, `tipo`) VALUES(171, 2, 4, 'Salento', 1);
INSERT INTO `sectores` (`id`, `municipio_id`, `comuna_id`, `nombre_sect`, `tipo`) VALUES(172, 2, 5, 'Suárez', 1);
INSERT INTO `sectores` (`id`, `municipio_id`, `comuna_id`, `nombre_sect`, `tipo`) VALUES(173, 2, 5, 'Puerto Bello', 1);
INSERT INTO `sectores` (`id`, `municipio_id`, `comuna_id`, `nombre_sect`, `tipo`) VALUES(174, 2, 5, 'Rincón Santos', 1);
INSERT INTO `sectores` (`id`, `municipio_id`, `comuna_id`, `nombre_sect`, `tipo`) VALUES(175, 2, 5, 'Central', 1);
INSERT INTO `sectores` (`id`, `municipio_id`, `comuna_id`, `nombre_sect`, `tipo`) VALUES(176, 2, 5, 'Espíritu Santo', 1);
INSERT INTO `sectores` (`id`, `municipio_id`, `comuna_id`, `nombre_sect`, `tipo`) VALUES(177, 2, 5, 'Centro', 1);
INSERT INTO `sectores` (`id`, `municipio_id`, `comuna_id`, `nombre_sect`, `tipo`) VALUES(178, 2, 5, 'Pérez', 1);
INSERT INTO `sectores` (`id`, `municipio_id`, `comuna_id`, `nombre_sect`, `tipo`) VALUES(179, 2, 5, 'Nazareth', 1);
INSERT INTO `sectores` (`id`, `municipio_id`, `comuna_id`, `nombre_sect`, `tipo`) VALUES(180, 2, 5, 'La Meseta', 1);
INSERT INTO `sectores` (`id`, `municipio_id`, `comuna_id`, `nombre_sect`, `tipo`) VALUES(181, 2, 5, 'El Rosario', 1);
INSERT INTO `sectores` (`id`, `municipio_id`, `comuna_id`, `nombre_sect`, `tipo`) VALUES(182, 2, 5, 'Andalucía', 1);
INSERT INTO `sectores` (`id`, `municipio_id`, `comuna_id`, `nombre_sect`, `tipo`) VALUES(183, 2, 5, 'López de Mesa', 1);
INSERT INTO `sectores` (`id`, `municipio_id`, `comuna_id`, `nombre_sect`, `tipo`) VALUES(184, 2, 5, 'El Cairo', 1);
INSERT INTO `sectores` (`id`, `municipio_id`, `comuna_id`, `nombre_sect`, `tipo`) VALUES(185, 2, 5, 'La Milagrosa', 1);
INSERT INTO `sectores` (`id`, `municipio_id`, `comuna_id`, `nombre_sect`, `tipo`) VALUES(186, 2, 5, 'El Congolo', 1);
INSERT INTO `sectores` (`id`, `municipio_id`, `comuna_id`, `nombre_sect`, `tipo`) VALUES(187, 2, 5, 'Las Granjas', 1);
INSERT INTO `sectores` (`id`, `municipio_id`, `comuna_id`, `nombre_sect`, `tipo`) VALUES(188, 2, 5, 'Prado', 1);
INSERT INTO `sectores` (`id`, `municipio_id`, `comuna_id`, `nombre_sect`, `tipo`) VALUES(189, 2, 5, 'Manchester', 1);
INSERT INTO `sectores` (`id`, `municipio_id`, `comuna_id`, `nombre_sect`, `tipo`) VALUES(190, 2, 5, 'La Estación', 1);
INSERT INTO `sectores` (`id`, `municipio_id`, `comuna_id`, `nombre_sect`, `tipo`) VALUES(191, 2, 6, 'La Cumbre', 1);
INSERT INTO `sectores` (`id`, `municipio_id`, `comuna_id`, `nombre_sect`, `tipo`) VALUES(192, 2, 6, 'Altavista', 1);
INSERT INTO `sectores` (`id`, `municipio_id`, `comuna_id`, `nombre_sect`, `tipo`) VALUES(193, 2, 6, 'El Carmelo', 1);
INSERT INTO `sectores` (`id`, `municipio_id`, `comuna_id`, `nombre_sect`, `tipo`) VALUES(194, 2, 6, 'Hato Viejo', 1);
INSERT INTO `sectores` (`id`, `municipio_id`, `comuna_id`, `nombre_sect`, `tipo`) VALUES(195, 2, 6, 'El Porvenir', 1);
INSERT INTO `sectores` (`id`, `municipio_id`, `comuna_id`, `nombre_sect`, `tipo`) VALUES(196, 2, 6, 'Briceño', 1);
INSERT INTO `sectores` (`id`, `municipio_id`, `comuna_id`, `nombre_sect`, `tipo`) VALUES(197, 2, 6, 'Buenos Aires', 1);
INSERT INTO `sectores` (`id`, `municipio_id`, `comuna_id`, `nombre_sect`, `tipo`) VALUES(198, 2, 6, 'El Paraíso', 1);
INSERT INTO `sectores` (`id`, `municipio_id`, `comuna_id`, `nombre_sect`, `tipo`) VALUES(199, 2, 6, 'Riachuelos', 1);
INSERT INTO `sectores` (`id`, `municipio_id`, `comuna_id`, `nombre_sect`, `tipo`) VALUES(200, 2, 6, 'Valadares', 1);
INSERT INTO `sectores` (`id`, `municipio_id`, `comuna_id`, `nombre_sect`, `tipo`) VALUES(201, 2, 6, 'El Trapiche', 1);
INSERT INTO `sectores` (`id`, `municipio_id`, `comuna_id`, `nombre_sect`, `tipo`) VALUES(202, 2, 6, 'Aralias', 1);
INSERT INTO `sectores` (`id`, `municipio_id`, `comuna_id`, `nombre_sect`, `tipo`) VALUES(203, 2, 6, 'Urapanes', 1);
INSERT INTO `sectores` (`id`, `municipio_id`, `comuna_id`, `nombre_sect`, `tipo`) VALUES(204, 2, 6, 'La Primavera', 1);
INSERT INTO `sectores` (`id`, `municipio_id`, `comuna_id`, `nombre_sect`, `tipo`) VALUES(205, 2, 6, 'Villa María', 1);
INSERT INTO `sectores` (`id`, `municipio_id`, `comuna_id`, `nombre_sect`, `tipo`) VALUES(206, 2, 6, 'Villas de Comfenalco', 1);
INSERT INTO `sectores` (`id`, `municipio_id`, `comuna_id`, `nombre_sect`, `tipo`) VALUES(207, 2, 7, 'Araucarias 1', 1);
INSERT INTO `sectores` (`id`, `municipio_id`, `comuna_id`, `nombre_sect`, `tipo`) VALUES(208, 2, 7, 'Araucarias 2', 1);
INSERT INTO `sectores` (`id`, `municipio_id`, `comuna_id`, `nombre_sect`, `tipo`) VALUES(209, 2, 7, 'Bellavista', 1);
INSERT INTO `sectores` (`id`, `municipio_id`, `comuna_id`, `nombre_sect`, `tipo`) VALUES(210, 2, 7, 'Choco Chiquito', 1);
INSERT INTO `sectores` (`id`, `municipio_id`, `comuna_id`, `nombre_sect`, `tipo`) VALUES(211, 2, 7, 'El Ducado', 1);
INSERT INTO `sectores` (`id`, `municipio_id`, `comuna_id`, `nombre_sect`, `tipo`) VALUES(212, 2, 7, 'Girasoles', 1);
INSERT INTO `sectores` (`id`, `municipio_id`, `comuna_id`, `nombre_sect`, `tipo`) VALUES(213, 2, 7, 'La Aldea', 1);
INSERT INTO `sectores` (`id`, `municipio_id`, `comuna_id`, `nombre_sect`, `tipo`) VALUES(214, 2, 7, 'La Selva', 1);
INSERT INTO `sectores` (`id`, `municipio_id`, `comuna_id`, `nombre_sect`, `tipo`) VALUES(215, 2, 7, 'Los Alpes', 1);
INSERT INTO `sectores` (`id`, `municipio_id`, `comuna_id`, `nombre_sect`, `tipo`) VALUES(216, 2, 7, 'Pachelly', 1);
INSERT INTO `sectores` (`id`, `municipio_id`, `comuna_id`, `nombre_sect`, `tipo`) VALUES(217, 2, 7, 'Playa Rica', 1);
INSERT INTO `sectores` (`id`, `municipio_id`, `comuna_id`, `nombre_sect`, `tipo`) VALUES(218, 2, 7, 'San Gabriel', 1);
INSERT INTO `sectores` (`id`, `municipio_id`, `comuna_id`, `nombre_sect`, `tipo`) VALUES(219, 2, 7, 'San Martín', 1);
INSERT INTO `sectores` (`id`, `municipio_id`, `comuna_id`, `nombre_sect`, `tipo`) VALUES(220, 2, 7, 'Villas del Sol', 1);
INSERT INTO `sectores` (`id`, `municipio_id`, `comuna_id`, `nombre_sect`, `tipo`) VALUES(221, 2, 7, 'Tierradentro', 1);
INSERT INTO `sectores` (`id`, `municipio_id`, `comuna_id`, `nombre_sect`, `tipo`) VALUES(222, 2, 7, 'Villa Linda', 1);
INSERT INTO `sectores` (`id`, `municipio_id`, `comuna_id`, `nombre_sect`, `tipo`) VALUES(223, 2, 8, 'La Selva', 1);
INSERT INTO `sectores` (`id`, `municipio_id`, `comuna_id`, `nombre_sect`, `tipo`) VALUES(224, 2, 8, 'El Mirador', 1);
INSERT INTO `sectores` (`id`, `municipio_id`, `comuna_id`, `nombre_sect`, `tipo`) VALUES(225, 2, 8, 'Niquía Bifamiliares', 1);
INSERT INTO `sectores` (`id`, `municipio_id`, `comuna_id`, `nombre_sect`, `tipo`) VALUES(226, 2, 8, 'Altos de Niquía', 1);
INSERT INTO `sectores` (`id`, `municipio_id`, `comuna_id`, `nombre_sect`, `tipo`) VALUES(227, 2, 8, 'Altos de Quitasol', 1);
INSERT INTO `sectores` (`id`, `municipio_id`, `comuna_id`, `nombre_sect`, `tipo`) VALUES(228, 2, 9, 'Ciudad Niquía', 1);
INSERT INTO `sectores` (`id`, `municipio_id`, `comuna_id`, `nombre_sect`, `tipo`) VALUES(229, 2, 9, 'Panamericano', 1);
INSERT INTO `sectores` (`id`, `municipio_id`, `comuna_id`, `nombre_sect`, `tipo`) VALUES(230, 2, 9, 'Ciudadela del Norte', 1);
INSERT INTO `sectores` (`id`, `municipio_id`, `comuna_id`, `nombre_sect`, `tipo`) VALUES(231, 2, 9, 'Terranova', 1);
INSERT INTO `sectores` (`id`, `municipio_id`, `comuna_id`, `nombre_sect`, `tipo`) VALUES(232, 2, 10, 'La Navarra', 1);
INSERT INTO `sectores` (`id`, `municipio_id`, `comuna_id`, `nombre_sect`, `tipo`) VALUES(233, 2, 10, 'El Trébol', 1);
INSERT INTO `sectores` (`id`, `municipio_id`, `comuna_id`, `nombre_sect`, `tipo`) VALUES(234, 2, 10, 'Guasimalito', 1);
INSERT INTO `sectores` (`id`, `municipio_id`, `comuna_id`, `nombre_sect`, `tipo`) VALUES(235, 2, 11, 'La Virginia', 1);
INSERT INTO `sectores` (`id`, `municipio_id`, `comuna_id`, `nombre_sect`, `tipo`) VALUES(236, 2, 11, 'Fontidueño', 1);
INSERT INTO `sectores` (`id`, `municipio_id`, `comuna_id`, `nombre_sect`, `tipo`) VALUES(237, 2, 11, 'La Mina', 1);
INSERT INTO `sectores` (`id`, `municipio_id`, `comuna_id`, `nombre_sect`, `tipo`) VALUES(238, 2, 11, 'Alcalá', 1);
INSERT INTO `sectores` (`id`, `municipio_id`, `comuna_id`, `nombre_sect`, `tipo`) VALUES(239, 2, 11, 'Los Ciruelos', 1);
INSERT INTO `sectores` (`id`, `municipio_id`, `comuna_id`, `nombre_sect`, `tipo`) VALUES(240, 2, 11, 'Estación Primera', 1);
INSERT INTO `sectores` (`id`, `municipio_id`, `comuna_id`, `nombre_sect`, `tipo`) VALUES(241, 2, 11, 'Las Vegas', 1);
INSERT INTO `sectores` (`id`, `municipio_id`, `comuna_id`, `nombre_sect`, `tipo`) VALUES(242, 2, 11, 'La Camila', 1);
INSERT INTO `sectores` (`id`, `municipio_id`, `comuna_id`, `nombre_sect`, `tipo`) VALUES(243, 2, 11, 'Cinco Estrellas', 1);
INSERT INTO `sectores` (`id`, `municipio_id`, `comuna_id`, `nombre_sect`, `tipo`) VALUES(244, 2, 11, 'Marco Fidel Suárez', 1);
INSERT INTO `sectores` (`id`, `municipio_id`, `comuna_id`, `nombre_sect`, `tipo`) VALUES(245, 2, 12, 'La Gabriela', 1);
INSERT INTO `sectores` (`id`, `municipio_id`, `comuna_id`, `nombre_sect`, `tipo`) VALUES(246, 2, 12, 'Belvedere', 1);
INSERT INTO `sectores` (`id`, `municipio_id`, `comuna_id`, `nombre_sect`, `tipo`) VALUES(247, 2, 12, 'Acevedo', 1);
INSERT INTO `sectores` (`id`, `municipio_id`, `comuna_id`, `nombre_sect`, `tipo`) VALUES(248, 2, 12, 'Zamora', 1);
INSERT INTO `sectores` (`id`, `municipio_id`, `comuna_id`, `nombre_sect`, `tipo`) VALUES(249, 2, 12, 'Alpes del Norte', 1);
INSERT INTO `sectores` (`id`, `municipio_id`, `comuna_id`, `nombre_sect`, `tipo`) VALUES(250, 2, 12, 'Santa Rita', 1);
INSERT INTO `sectores` (`id`, `municipio_id`, `comuna_id`, `nombre_sect`, `tipo`) VALUES(251, 2, 1, 'El Carmelo', 0);
INSERT INTO `sectores` (`id`, `municipio_id`, `comuna_id`, `nombre_sect`, `tipo`) VALUES(252, 2, 1, 'Jalisco – Los Álvarez', 0);
INSERT INTO `sectores` (`id`, `municipio_id`, `comuna_id`, `nombre_sect`, `tipo`) VALUES(253, 2, 1, 'La Palma', 0);
INSERT INTO `sectores` (`id`, `municipio_id`, `comuna_id`, `nombre_sect`, `tipo`) VALUES(254, 2, 1, 'Sabanalarga', 0);
INSERT INTO `sectores` (`id`, `municipio_id`, `comuna_id`, `nombre_sect`, `tipo`) VALUES(255, 2, 1, 'Charco Verde', 0);
INSERT INTO `sectores` (`id`, `municipio_id`, `comuna_id`, `nombre_sect`, `tipo`) VALUES(256, 2, 1, 'La Unión', 0);
INSERT INTO `sectores` (`id`, `municipio_id`, `comuna_id`, `nombre_sect`, `tipo`) VALUES(257, 2, 1, 'La China', 0);
INSERT INTO `sectores` (`id`, `municipio_id`, `comuna_id`, `nombre_sect`, `tipo`) VALUES(258, 2, 1, 'Cuartas', 0);
INSERT INTO `sectores` (`id`, `municipio_id`, `comuna_id`, `nombre_sect`, `tipo`) VALUES(259, 2, 1, 'El Tambo', 0);
INSERT INTO `sectores` (`id`, `municipio_id`, `comuna_id`, `nombre_sect`, `tipo`) VALUES(260, 2, 1, 'La Meseses', 0);
INSERT INTO `sectores` (`id`, `municipio_id`, `comuna_id`, `nombre_sect`, `tipo`) VALUES(261, 2, 1, 'Potrerito', 0);
INSERT INTO `sectores` (`id`, `municipio_id`, `comuna_id`, `nombre_sect`, `tipo`) VALUES(262, 2, 1, 'Hatoviejo', 0);
INSERT INTO `sectores` (`id`, `municipio_id`, `comuna_id`, `nombre_sect`, `tipo`) VALUES(263, 2, 1, 'Los Espejos', 0);
INSERT INTO `sectores` (`id`, `municipio_id`, `comuna_id`, `nombre_sect`, `tipo`) VALUES(264, 2, 1, 'La Primavera', 0);
INSERT INTO `sectores` (`id`, `municipio_id`, `comuna_id`, `nombre_sect`, `tipo`) VALUES(265, 2, 1, 'Tierradentro', 0);
INSERT INTO `sectores` (`id`, `municipio_id`, `comuna_id`, `nombre_sect`, `tipo`) VALUES(266, 2, 1, 'Quitasol', 0);
INSERT INTO `sectores` (`id`, `municipio_id`, `comuna_id`, `nombre_sect`, `tipo`) VALUES(267, 2, 1, 'Buenavista', 0);
INSERT INTO `sectores` (`id`, `municipio_id`, `comuna_id`, `nombre_sect`, `tipo`) VALUES(268, 2, 1, 'Croacia', 0);
INSERT INTO `sectores` (`id`, `municipio_id`, `comuna_id`, `nombre_sect`, `tipo`) VALUES(269, 2, 1, 'Granizal', 0);
INSERT INTO `sectores` (`id`, `municipio_id`, `comuna_id`, `nombre_sect`, `tipo`) VALUES(270, 9, 13, 'Aldea Pablo VI', 1);
INSERT INTO `sectores` (`id`, `municipio_id`, `comuna_id`, `nombre_sect`, `tipo`) VALUES(271, 9, 13, 'Carpinelo', 1);
INSERT INTO `sectores` (`id`, `municipio_id`, `comuna_id`, `nombre_sect`, `tipo`) VALUES(272, 9, 13, 'El Compromiso', 1);
INSERT INTO `sectores` (`id`, `municipio_id`, `comuna_id`, `nombre_sect`, `tipo`) VALUES(273, 9, 13, 'Granizal', 1);
INSERT INTO `sectores` (`id`, `municipio_id`, `comuna_id`, `nombre_sect`, `tipo`) VALUES(274, 9, 13, 'La Avanzada', 1);
INSERT INTO `sectores` (`id`, `municipio_id`, `comuna_id`, `nombre_sect`, `tipo`) VALUES(275, 9, 13, 'La Esperanza N.º 2', 1);
INSERT INTO `sectores` (`id`, `municipio_id`, `comuna_id`, `nombre_sect`, `tipo`) VALUES(276, 9, 13, 'Moscú N.º 2', 1);
INSERT INTO `sectores` (`id`, `municipio_id`, `comuna_id`, `nombre_sect`, `tipo`) VALUES(277, 9, 13, 'Popular N.º 1', 1);
INSERT INTO `sectores` (`id`, `municipio_id`, `comuna_id`, `nombre_sect`, `tipo`) VALUES(278, 9, 13, 'Popular N.º 2', 1);
INSERT INTO `sectores` (`id`, `municipio_id`, `comuna_id`, `nombre_sect`, `tipo`) VALUES(279, 9, 13, 'Santo Domingo Savio N.º 1', 1);
INSERT INTO `sectores` (`id`, `municipio_id`, `comuna_id`, `nombre_sect`, `tipo`) VALUES(280, 9, 13, 'Santo Domingo Savio N.º 2', 1);
INSERT INTO `sectores` (`id`, `municipio_id`, `comuna_id`, `nombre_sect`, `tipo`) VALUES(281, 9, 13, 'San Pablo', 1);
INSERT INTO `sectores` (`id`, `municipio_id`, `comuna_id`, `nombre_sect`, `tipo`) VALUES(282, 9, 13, 'Villa Guadalupe', 1);
INSERT INTO `sectores` (`id`, `municipio_id`, `comuna_id`, `nombre_sect`, `tipo`) VALUES(283, 9, 14, 'Santa Cruz', 1);
INSERT INTO `sectores` (`id`, `municipio_id`, `comuna_id`, `nombre_sect`, `tipo`) VALUES(284, 9, 14, 'La Isla', 1);
INSERT INTO `sectores` (`id`, `municipio_id`, `comuna_id`, `nombre_sect`, `tipo`) VALUES(285, 9, 14, 'El Playón de Los Comuneros', 1);
INSERT INTO `sectores` (`id`, `municipio_id`, `comuna_id`, `nombre_sect`, `tipo`) VALUES(286, 9, 14, 'Pablo VI', 1);
INSERT INTO `sectores` (`id`, `municipio_id`, `comuna_id`, `nombre_sect`, `tipo`) VALUES(287, 9, 14, 'La Frontera', 1);
INSERT INTO `sectores` (`id`, `municipio_id`, `comuna_id`, `nombre_sect`, `tipo`) VALUES(288, 9, 14, 'La Francia', 1);
INSERT INTO `sectores` (`id`, `municipio_id`, `comuna_id`, `nombre_sect`, `tipo`) VALUES(289, 9, 14, 'Andalucía', 1);
INSERT INTO `sectores` (`id`, `municipio_id`, `comuna_id`, `nombre_sect`, `tipo`) VALUES(290, 9, 14, 'Villa del Socorro', 1);
INSERT INTO `sectores` (`id`, `municipio_id`, `comuna_id`, `nombre_sect`, `tipo`) VALUES(291, 9, 14, 'Villa Niza', 1);
INSERT INTO `sectores` (`id`, `municipio_id`, `comuna_id`, `nombre_sect`, `tipo`) VALUES(292, 9, 14, 'Moscú N.º 1', 1);
INSERT INTO `sectores` (`id`, `municipio_id`, `comuna_id`, `nombre_sect`, `tipo`) VALUES(293, 9, 14, 'La Rosa', 1);
INSERT INTO `sectores` (`id`, `municipio_id`, `comuna_id`, `nombre_sect`, `tipo`) VALUES(294, 9, 15, 'La Salle', 1);
INSERT INTO `sectores` (`id`, `municipio_id`, `comuna_id`, `nombre_sect`, `tipo`) VALUES(295, 9, 15, 'Las Granjas', 1);
INSERT INTO `sectores` (`id`, `municipio_id`, `comuna_id`, `nombre_sect`, `tipo`) VALUES(296, 9, 15, 'Campo Valdes N.º 2', 1);
INSERT INTO `sectores` (`id`, `municipio_id`, `comuna_id`, `nombre_sect`, `tipo`) VALUES(297, 9, 15, 'Santa Inés', 1);
INSERT INTO `sectores` (`id`, `municipio_id`, `comuna_id`, `nombre_sect`, `tipo`) VALUES(298, 9, 15, 'El Raizal', 1);
INSERT INTO `sectores` (`id`, `municipio_id`, `comuna_id`, `nombre_sect`, `tipo`) VALUES(299, 9, 15, 'El Pomar', 1);
INSERT INTO `sectores` (`id`, `municipio_id`, `comuna_id`, `nombre_sect`, `tipo`) VALUES(300, 9, 15, 'Manrique Central N.º 2', 1);
INSERT INTO `sectores` (`id`, `municipio_id`, `comuna_id`, `nombre_sect`, `tipo`) VALUES(301, 9, 15, 'Manrique Oriental', 1);
INSERT INTO `sectores` (`id`, `municipio_id`, `comuna_id`, `nombre_sect`, `tipo`) VALUES(302, 9, 15, 'Versalles Nº 1', 1);
INSERT INTO `sectores` (`id`, `municipio_id`, `comuna_id`, `nombre_sect`, `tipo`) VALUES(303, 9, 15, 'Versalles Nº 2', 1);
INSERT INTO `sectores` (`id`, `municipio_id`, `comuna_id`, `nombre_sect`, `tipo`) VALUES(304, 9, 15, 'La Cruz', 1);
INSERT INTO `sectores` (`id`, `municipio_id`, `comuna_id`, `nombre_sect`, `tipo`) VALUES(305, 9, 15, 'La Honda', 1);
INSERT INTO `sectores` (`id`, `municipio_id`, `comuna_id`, `nombre_sect`, `tipo`) VALUES(306, 9, 15, 'Bello Oriente.', 1);
INSERT INTO `sectores` (`id`, `municipio_id`, `comuna_id`, `nombre_sect`, `tipo`) VALUES(307, 9, 15, 'Maria Cano - Carambola', 1);
INSERT INTO `sectores` (`id`, `municipio_id`, `comuna_id`, `nombre_sect`, `tipo`) VALUES(308, 9, 15, 'San José La Cima Nº 1', 1);
INSERT INTO `sectores` (`id`, `municipio_id`, `comuna_id`, `nombre_sect`, `tipo`) VALUES(309, 9, 15, 'San José La Cima Nº 2', 1);
INSERT INTO `sectores` (`id`, `municipio_id`, `comuna_id`, `nombre_sect`, `tipo`) VALUES(310, 9, 16, 'Aranjuez', 1);
INSERT INTO `sectores` (`id`, `municipio_id`, `comuna_id`, `nombre_sect`, `tipo`) VALUES(311, 9, 16, 'Berlín', 1);
INSERT INTO `sectores` (`id`, `municipio_id`, `comuna_id`, `nombre_sect`, `tipo`) VALUES(312, 9, 16, 'San Isidro', 1);
INSERT INTO `sectores` (`id`, `municipio_id`, `comuna_id`, `nombre_sect`, `tipo`) VALUES(313, 9, 16, 'Palermo', 1);
INSERT INTO `sectores` (`id`, `municipio_id`, `comuna_id`, `nombre_sect`, `tipo`) VALUES(314, 9, 16, 'Bermejal - Los Álamos', 1);
INSERT INTO `sectores` (`id`, `municipio_id`, `comuna_id`, `nombre_sect`, `tipo`) VALUES(315, 9, 16, 'Moravia', 1);
INSERT INTO `sectores` (`id`, `municipio_id`, `comuna_id`, `nombre_sect`, `tipo`) VALUES(316, 9, 16, 'Sevilla', 1);
INSERT INTO `sectores` (`id`, `municipio_id`, `comuna_id`, `nombre_sect`, `tipo`) VALUES(317, 9, 16, 'San Pedro', 1);
INSERT INTO `sectores` (`id`, `municipio_id`, `comuna_id`, `nombre_sect`, `tipo`) VALUES(318, 9, 16, 'Manrique Central Nº 1', 1);
INSERT INTO `sectores` (`id`, `municipio_id`, `comuna_id`, `nombre_sect`, `tipo`) VALUES(319, 9, 16, 'Campo Valdes Nº 1', 1);
INSERT INTO `sectores` (`id`, `municipio_id`, `comuna_id`, `nombre_sect`, `tipo`) VALUES(320, 9, 16, 'Las Esmeraldas', 1);
INSERT INTO `sectores` (`id`, `municipio_id`, `comuna_id`, `nombre_sect`, `tipo`) VALUES(321, 9, 16, 'La Piñuela', 1);
INSERT INTO `sectores` (`id`, `municipio_id`, `comuna_id`, `nombre_sect`, `tipo`) VALUES(322, 9, 16, 'Brasilia', 1);
INSERT INTO `sectores` (`id`, `municipio_id`, `comuna_id`, `nombre_sect`, `tipo`) VALUES(323, 9, 16, 'Miranda', 1);
INSERT INTO `sectores` (`id`, `municipio_id`, `comuna_id`, `nombre_sect`, `tipo`) VALUES(324, 9, 17, 'Castilla', 1);
INSERT INTO `sectores` (`id`, `municipio_id`, `comuna_id`, `nombre_sect`, `tipo`) VALUES(325, 9, 17, 'Toscana', 1);
INSERT INTO `sectores` (`id`, `municipio_id`, `comuna_id`, `nombre_sect`, `tipo`) VALUES(326, 9, 17, 'Héctor Abad Gómez', 1);
INSERT INTO `sectores` (`id`, `municipio_id`, `comuna_id`, `nombre_sect`, `tipo`) VALUES(327, 9, 17, 'La Paralela', 1);
INSERT INTO `sectores` (`id`, `municipio_id`, `comuna_id`, `nombre_sect`, `tipo`) VALUES(328, 9, 17, 'Las Brisas', 1);
INSERT INTO `sectores` (`id`, `municipio_id`, `comuna_id`, `nombre_sect`, `tipo`) VALUES(329, 9, 17, 'Florencia', 1);
INSERT INTO `sectores` (`id`, `municipio_id`, `comuna_id`, `nombre_sect`, `tipo`) VALUES(330, 9, 17, 'Tejelo', 1);
INSERT INTO `sectores` (`id`, `municipio_id`, `comuna_id`, `nombre_sect`, `tipo`) VALUES(331, 9, 17, 'Boyacá', 1);
INSERT INTO `sectores` (`id`, `municipio_id`, `comuna_id`, `nombre_sect`, `tipo`) VALUES(332, 9, 17, 'Belalcazar', 1);
INSERT INTO `sectores` (`id`, `municipio_id`, `comuna_id`, `nombre_sect`, `tipo`) VALUES(333, 9, 17, 'Girardot', 1);
INSERT INTO `sectores` (`id`, `municipio_id`, `comuna_id`, `nombre_sect`, `tipo`) VALUES(334, 9, 17, 'Tricentenario', 1);
INSERT INTO `sectores` (`id`, `municipio_id`, `comuna_id`, `nombre_sect`, `tipo`) VALUES(335, 9, 17, 'Francisco Antonio Zea', 1);
INSERT INTO `sectores` (`id`, `municipio_id`, `comuna_id`, `nombre_sect`, `tipo`) VALUES(336, 9, 17, 'Alfonso López', 1);
INSERT INTO `sectores` (`id`, `municipio_id`, `comuna_id`, `nombre_sect`, `tipo`) VALUES(337, 9, 17, 'Caribe', 1);
INSERT INTO `sectores` (`id`, `municipio_id`, `comuna_id`, `nombre_sect`, `tipo`) VALUES(338, 9, 17, 'El Progreso', 1);
INSERT INTO `sectores` (`id`, `municipio_id`, `comuna_id`, `nombre_sect`, `tipo`) VALUES(339, 9, 18, 'Doce de Octubre Nº 1', 1);
INSERT INTO `sectores` (`id`, `municipio_id`, `comuna_id`, `nombre_sect`, `tipo`) VALUES(340, 9, 18, 'Doce de Octubre Nº 2', 1);
INSERT INTO `sectores` (`id`, `municipio_id`, `comuna_id`, `nombre_sect`, `tipo`) VALUES(341, 9, 18, 'Santander', 1);
INSERT INTO `sectores` (`id`, `municipio_id`, `comuna_id`, `nombre_sect`, `tipo`) VALUES(342, 9, 18, 'Pedregal', 1);
INSERT INTO `sectores` (`id`, `municipio_id`, `comuna_id`, `nombre_sect`, `tipo`) VALUES(343, 9, 18, 'La Esperanza', 1);
INSERT INTO `sectores` (`id`, `municipio_id`, `comuna_id`, `nombre_sect`, `tipo`) VALUES(344, 9, 18, 'San Martín de Porres', 1);
INSERT INTO `sectores` (`id`, `municipio_id`, `comuna_id`, `nombre_sect`, `tipo`) VALUES(345, 9, 18, 'Kennedy', 1);
INSERT INTO `sectores` (`id`, `municipio_id`, `comuna_id`, `nombre_sect`, `tipo`) VALUES(346, 9, 18, 'Picacho', 1);
INSERT INTO `sectores` (`id`, `municipio_id`, `comuna_id`, `nombre_sect`, `tipo`) VALUES(347, 9, 18, 'Picachito', 1);
INSERT INTO `sectores` (`id`, `municipio_id`, `comuna_id`, `nombre_sect`, `tipo`) VALUES(348, 9, 18, 'Mirador del Doce', 1);
INSERT INTO `sectores` (`id`, `municipio_id`, `comuna_id`, `nombre_sect`, `tipo`) VALUES(349, 9, 18, 'El Progreso Nº 2', 1);
INSERT INTO `sectores` (`id`, `municipio_id`, `comuna_id`, `nombre_sect`, `tipo`) VALUES(350, 9, 18, 'El Triunfo', 1);
INSERT INTO `sectores` (`id`, `municipio_id`, `comuna_id`, `nombre_sect`, `tipo`) VALUES(351, 9, 19, 'Robledo', 1);
INSERT INTO `sectores` (`id`, `municipio_id`, `comuna_id`, `nombre_sect`, `tipo`) VALUES(352, 9, 19, 'El Volador', 1);
INSERT INTO `sectores` (`id`, `municipio_id`, `comuna_id`, `nombre_sect`, `tipo`) VALUES(353, 9, 19, 'San Germán', 1);
INSERT INTO `sectores` (`id`, `municipio_id`, `comuna_id`, `nombre_sect`, `tipo`) VALUES(354, 9, 19, '1 Facultad de Minas', 1);
INSERT INTO `sectores` (`id`, `municipio_id`, `comuna_id`, `nombre_sect`, `tipo`) VALUES(355, 9, 19, 'La Pilarica', 1);
INSERT INTO `sectores` (`id`, `municipio_id`, `comuna_id`, `nombre_sect`, `tipo`) VALUES(356, 9, 19, 'Bosques de San Pablo', 1);
INSERT INTO `sectores` (`id`, `municipio_id`, `comuna_id`, `nombre_sect`, `tipo`) VALUES(357, 9, 19, 'Altamira', 1);
INSERT INTO `sectores` (`id`, `municipio_id`, `comuna_id`, `nombre_sect`, `tipo`) VALUES(358, 9, 19, 'Córdoba', 1);
INSERT INTO `sectores` (`id`, `municipio_id`, `comuna_id`, `nombre_sect`, `tipo`) VALUES(359, 9, 19, 'López de Mesa', 1);
INSERT INTO `sectores` (`id`, `municipio_id`, `comuna_id`, `nombre_sect`, `tipo`) VALUES(360, 9, 19, 'El Diamante', 1);
INSERT INTO `sectores` (`id`, `municipio_id`, `comuna_id`, `nombre_sect`, `tipo`) VALUES(361, 9, 19, 'Aures Nº 1', 1);
INSERT INTO `sectores` (`id`, `municipio_id`, `comuna_id`, `nombre_sect`, `tipo`) VALUES(362, 9, 19, 'Aures Nº 2', 1);
INSERT INTO `sectores` (`id`, `municipio_id`, `comuna_id`, `nombre_sect`, `tipo`) VALUES(363, 9, 19, 'Bello Horizonte', 1);
INSERT INTO `sectores` (`id`, `municipio_id`, `comuna_id`, `nombre_sect`, `tipo`) VALUES(364, 9, 19, 'Villa Flora', 1);
INSERT INTO `sectores` (`id`, `municipio_id`, `comuna_id`, `nombre_sect`, `tipo`) VALUES(365, 9, 19, 'Palenque', 1);
INSERT INTO `sectores` (`id`, `municipio_id`, `comuna_id`, `nombre_sect`, `tipo`) VALUES(366, 9, 19, 'Cucaracho', 1);
INSERT INTO `sectores` (`id`, `municipio_id`, `comuna_id`, `nombre_sect`, `tipo`) VALUES(367, 9, 19, 'Fuente Clara', 1);
INSERT INTO `sectores` (`id`, `municipio_id`, `comuna_id`, `nombre_sect`, `tipo`) VALUES(368, 9, 19, 'Santa Margarita', 1);
INSERT INTO `sectores` (`id`, `municipio_id`, `comuna_id`, `nombre_sect`, `tipo`) VALUES(369, 9, 19, 'Olaya Herrera', 1);
INSERT INTO `sectores` (`id`, `municipio_id`, `comuna_id`, `nombre_sect`, `tipo`) VALUES(370, 9, 19, 'Pajarito', 1);
INSERT INTO `sectores` (`id`, `municipio_id`, `comuna_id`, `nombre_sect`, `tipo`) VALUES(371, 9, 19, 'Monteclaro', 1);
INSERT INTO `sectores` (`id`, `municipio_id`, `comuna_id`, `nombre_sect`, `tipo`) VALUES(372, 9, 19, 'Villa de La Iguaná', 1);
INSERT INTO `sectores` (`id`, `municipio_id`, `comuna_id`, `nombre_sect`, `tipo`) VALUES(373, 9, 19, 'La Cuchilla', 1);
INSERT INTO `sectores` (`id`, `municipio_id`, `comuna_id`, `nombre_sect`, `tipo`) VALUES(374, 9, 19, 'La Aurora', 1);
INSERT INTO `sectores` (`id`, `municipio_id`, `comuna_id`, `nombre_sect`, `tipo`) VALUES(375, 9, 19, 'La Campiña', 1);
INSERT INTO `sectores` (`id`, `municipio_id`, `comuna_id`, `nombre_sect`, `tipo`) VALUES(376, 9, 20, 'Villa Hermosa', 1);
INSERT INTO `sectores` (`id`, `municipio_id`, `comuna_id`, `nombre_sect`, `tipo`) VALUES(377, 9, 20, 'La Mansión', 1);
INSERT INTO `sectores` (`id`, `municipio_id`, `comuna_id`, `nombre_sect`, `tipo`) VALUES(378, 9, 20, 'San Miguel', 1);
INSERT INTO `sectores` (`id`, `municipio_id`, `comuna_id`, `nombre_sect`, `tipo`) VALUES(379, 9, 20, 'La Ladera', 1);
INSERT INTO `sectores` (`id`, `municipio_id`, `comuna_id`, `nombre_sect`, `tipo`) VALUES(380, 9, 20, 'Golondrinas', 1);
INSERT INTO `sectores` (`id`, `municipio_id`, `comuna_id`, `nombre_sect`, `tipo`) VALUES(381, 9, 20, 'Batallón Girardot', 1);
INSERT INTO `sectores` (`id`, `municipio_id`, `comuna_id`, `nombre_sect`, `tipo`) VALUES(382, 9, 20, 'Llanaditas', 1);
INSERT INTO `sectores` (`id`, `municipio_id`, `comuna_id`, `nombre_sect`, `tipo`) VALUES(383, 9, 20, 'Los Mangos', 1);
INSERT INTO `sectores` (`id`, `municipio_id`, `comuna_id`, `nombre_sect`, `tipo`) VALUES(384, 9, 20, 'Tres esquinas', 1);
INSERT INTO `sectores` (`id`, `municipio_id`, `comuna_id`, `nombre_sect`, `tipo`) VALUES(385, 9, 20, 'Sucre', 1);
INSERT INTO `sectores` (`id`, `municipio_id`, `comuna_id`, `nombre_sect`, `tipo`) VALUES(386, 9, 20, 'El Pinal', 1);
INSERT INTO `sectores` (`id`, `municipio_id`, `comuna_id`, `nombre_sect`, `tipo`) VALUES(387, 9, 20, 'Trece de Noviembre', 1);
INSERT INTO `sectores` (`id`, `municipio_id`, `comuna_id`, `nombre_sect`, `tipo`) VALUES(388, 9, 20, 'La Libertad', 1);
INSERT INTO `sectores` (`id`, `municipio_id`, `comuna_id`, `nombre_sect`, `tipo`) VALUES(389, 9, 20, 'Villatina', 1);
INSERT INTO `sectores` (`id`, `municipio_id`, `comuna_id`, `nombre_sect`, `tipo`) VALUES(390, 9, 20, 'San Antonio', 1);
INSERT INTO `sectores` (`id`, `municipio_id`, `comuna_id`, `nombre_sect`, `tipo`) VALUES(391, 9, 20, 'Las Estancias', 1);
INSERT INTO `sectores` (`id`, `municipio_id`, `comuna_id`, `nombre_sect`, `tipo`) VALUES(392, 9, 20, 'Villa Turbay', 1);
INSERT INTO `sectores` (`id`, `municipio_id`, `comuna_id`, `nombre_sect`, `tipo`) VALUES(393, 9, 20, 'La Sierra', 1);
INSERT INTO `sectores` (`id`, `municipio_id`, `comuna_id`, `nombre_sect`, `tipo`) VALUES(394, 9, 20, 'Villa Lilliam', 1);
INSERT INTO `sectores` (`id`, `municipio_id`, `comuna_id`, `nombre_sect`, `tipo`) VALUES(395, 9, 20, 'Esfuerzos de Paz Nº 1', 1);
INSERT INTO `sectores` (`id`, `municipio_id`, `comuna_id`, `nombre_sect`, `tipo`) VALUES(396, 9, 20, 'Esfuerzos de Paz Nº 2', 1);
INSERT INTO `sectores` (`id`, `municipio_id`, `comuna_id`, `nombre_sect`, `tipo`) VALUES(397, 9, 20, 'Enciso', 1);
INSERT INTO `sectores` (`id`, `municipio_id`, `comuna_id`, `nombre_sect`, `tipo`) VALUES(398, 9, 21, 'Buenos Aires', 1);
INSERT INTO `sectores` (`id`, `municipio_id`, `comuna_id`, `nombre_sect`, `tipo`) VALUES(399, 9, 21, 'Caicedo', 1);
INSERT INTO `sectores` (`id`, `municipio_id`, `comuna_id`, `nombre_sect`, `tipo`) VALUES(400, 9, 21, 'Juan Pablo II', 1);
INSERT INTO `sectores` (`id`, `municipio_id`, `comuna_id`, `nombre_sect`, `tipo`) VALUES(401, 9, 21, 'Ocho de Marzo', 1);
INSERT INTO `sectores` (`id`, `municipio_id`, `comuna_id`, `nombre_sect`, `tipo`) VALUES(402, 9, 21, 'Barrios de Jesús', 1);
INSERT INTO `sectores` (`id`, `municipio_id`, `comuna_id`, `nombre_sect`, `tipo`) VALUES(403, 9, 21, 'Bomboná Nº 2', 1);
INSERT INTO `sectores` (`id`, `municipio_id`, `comuna_id`, `nombre_sect`, `tipo`) VALUES(404, 9, 21, 'Los Cerros - El Vergel', 1);
INSERT INTO `sectores` (`id`, `municipio_id`, `comuna_id`, `nombre_sect`, `tipo`) VALUES(405, 9, 21, 'Alejandro Echavarría', 1);
INSERT INTO `sectores` (`id`, `municipio_id`, `comuna_id`, `nombre_sect`, `tipo`) VALUES(406, 9, 21, 'Miraflores', 1);
INSERT INTO `sectores` (`id`, `municipio_id`, `comuna_id`, `nombre_sect`, `tipo`) VALUES(407, 9, 21, 'Cataluña', 1);
INSERT INTO `sectores` (`id`, `municipio_id`, `comuna_id`, `nombre_sect`, `tipo`) VALUES(408, 9, 21, 'La Milagrosa', 1);
INSERT INTO `sectores` (`id`, `municipio_id`, `comuna_id`, `nombre_sect`, `tipo`) VALUES(409, 9, 21, 'Gerona', 1);
INSERT INTO `sectores` (`id`, `municipio_id`, `comuna_id`, `nombre_sect`, `tipo`) VALUES(410, 9, 21, 'El Salvador', 1);
INSERT INTO `sectores` (`id`, `municipio_id`, `comuna_id`, `nombre_sect`, `tipo`) VALUES(411, 9, 21, 'Loreto', 1);
INSERT INTO `sectores` (`id`, `municipio_id`, `comuna_id`, `nombre_sect`, `tipo`) VALUES(412, 9, 21, 'Asomadera Nº 1', 1);
INSERT INTO `sectores` (`id`, `municipio_id`, `comuna_id`, `nombre_sect`, `tipo`) VALUES(413, 9, 21, 'Asomadera Nº 2', 1);
INSERT INTO `sectores` (`id`, `municipio_id`, `comuna_id`, `nombre_sect`, `tipo`) VALUES(414, 9, 21, 'Asomadera Nº 3', 1);
INSERT INTO `sectores` (`id`, `municipio_id`, `comuna_id`, `nombre_sect`, `tipo`) VALUES(415, 9, 21, 'Quinta Linda', 1);
INSERT INTO `sectores` (`id`, `municipio_id`, `comuna_id`, `nombre_sect`, `tipo`) VALUES(416, 9, 21, 'Barrio Pablo Escobar', 1);
INSERT INTO `sectores` (`id`, `municipio_id`, `comuna_id`, `nombre_sect`, `tipo`) VALUES(417, 9, 21, 'Carpinelo', 1);
INSERT INTO `sectores` (`id`, `municipio_id`, `comuna_id`, `nombre_sect`, `tipo`) VALUES(418, 9, 22, 'La Candelaria', 1);
INSERT INTO `sectores` (`id`, `municipio_id`, `comuna_id`, `nombre_sect`, `tipo`) VALUES(419, 9, 22, 'Prado', 1);
INSERT INTO `sectores` (`id`, `municipio_id`, `comuna_id`, `nombre_sect`, `tipo`) VALUES(420, 9, 22, 'Jesús Nazareno', 1);
INSERT INTO `sectores` (`id`, `municipio_id`, `comuna_id`, `nombre_sect`, `tipo`) VALUES(421, 9, 22, 'El Chagualo', 1);
INSERT INTO `sectores` (`id`, `municipio_id`, `comuna_id`, `nombre_sect`, `tipo`) VALUES(422, 9, 22, 'Estación Villa', 1);
INSERT INTO `sectores` (`id`, `municipio_id`, `comuna_id`, `nombre_sect`, `tipo`) VALUES(423, 9, 22, 'San Benito', 1);
INSERT INTO `sectores` (`id`, `municipio_id`, `comuna_id`, `nombre_sect`, `tipo`) VALUES(424, 9, 22, 'Guayaquil', 1);
INSERT INTO `sectores` (`id`, `municipio_id`, `comuna_id`, `nombre_sect`, `tipo`) VALUES(425, 9, 22, 'Corazón de Jesús - Barrio Triste', 1);
INSERT INTO `sectores` (`id`, `municipio_id`, `comuna_id`, `nombre_sect`, `tipo`) VALUES(426, 9, 22, 'Calle Nueva', 1);
INSERT INTO `sectores` (`id`, `municipio_id`, `comuna_id`, `nombre_sect`, `tipo`) VALUES(427, 9, 22, 'Perpetuo Socorro', 1);
INSERT INTO `sectores` (`id`, `municipio_id`, `comuna_id`, `nombre_sect`, `tipo`) VALUES(428, 9, 22, 'Barrio Colón', 1);
INSERT INTO `sectores` (`id`, `municipio_id`, `comuna_id`, `nombre_sect`, `tipo`) VALUES(429, 9, 22, 'Las Palmas', 1);
INSERT INTO `sectores` (`id`, `municipio_id`, `comuna_id`, `nombre_sect`, `tipo`) VALUES(430, 9, 22, 'Bomboná Nº 1', 1);
INSERT INTO `sectores` (`id`, `municipio_id`, `comuna_id`, `nombre_sect`, `tipo`) VALUES(431, 9, 22, 'Boston', 1);
INSERT INTO `sectores` (`id`, `municipio_id`, `comuna_id`, `nombre_sect`, `tipo`) VALUES(432, 9, 22, 'Los Ángeles', 1);
INSERT INTO `sectores` (`id`, `municipio_id`, `comuna_id`, `nombre_sect`, `tipo`) VALUES(433, 9, 22, 'Villa Nueva', 1);
INSERT INTO `sectores` (`id`, `municipio_id`, `comuna_id`, `nombre_sect`, `tipo`) VALUES(434, 9, 22, 'San Diego', 1);
INSERT INTO `sectores` (`id`, `municipio_id`, `comuna_id`, `nombre_sect`, `tipo`) VALUES(435, 9, 23, 'Los Conquistadores', 1);
INSERT INTO `sectores` (`id`, `municipio_id`, `comuna_id`, `nombre_sect`, `tipo`) VALUES(436, 9, 23, 'Laureles', 1);
INSERT INTO `sectores` (`id`, `municipio_id`, `comuna_id`, `nombre_sect`, `tipo`) VALUES(437, 9, 23, 'Carlos E. Restrepo', 1);
INSERT INTO `sectores` (`id`, `municipio_id`, `comuna_id`, `nombre_sect`, `tipo`) VALUES(438, 9, 23, 'Suramericana', 1);
INSERT INTO `sectores` (`id`, `municipio_id`, `comuna_id`, `nombre_sect`, `tipo`) VALUES(439, 9, 23, 'Naranjal', 1);
INSERT INTO `sectores` (`id`, `municipio_id`, `comuna_id`, `nombre_sect`, `tipo`) VALUES(440, 9, 23, 'San Joaquín', 1);
INSERT INTO `sectores` (`id`, `municipio_id`, `comuna_id`, `nombre_sect`, `tipo`) VALUES(441, 9, 23, 'Bolivariana', 1);
INSERT INTO `sectores` (`id`, `municipio_id`, `comuna_id`, `nombre_sect`, `tipo`) VALUES(442, 9, 23, 'Las Acacias', 1);
INSERT INTO `sectores` (`id`, `municipio_id`, `comuna_id`, `nombre_sect`, `tipo`) VALUES(443, 9, 23, 'La Castellana', 1);
INSERT INTO `sectores` (`id`, `municipio_id`, `comuna_id`, `nombre_sect`, `tipo`) VALUES(444, 9, 23, 'Lorena', 1);
INSERT INTO `sectores` (`id`, `municipio_id`, `comuna_id`, `nombre_sect`, `tipo`) VALUES(445, 9, 23, 'El Velódromo', 1);
INSERT INTO `sectores` (`id`, `municipio_id`, `comuna_id`, `nombre_sect`, `tipo`) VALUES(446, 9, 23, 'Estadio', 1);
INSERT INTO `sectores` (`id`, `municipio_id`, `comuna_id`, `nombre_sect`, `tipo`) VALUES(447, 9, 23, 'Los Colores', 1);
INSERT INTO `sectores` (`id`, `municipio_id`, `comuna_id`, `nombre_sect`, `tipo`) VALUES(448, 9, 23, 'Cuarta Brigada', 1);
INSERT INTO `sectores` (`id`, `municipio_id`, `comuna_id`, `nombre_sect`, `tipo`) VALUES(449, 9, 23, 'Florida Nueva', 1);
INSERT INTO `sectores` (`id`, `municipio_id`, `comuna_id`, `nombre_sect`, `tipo`) VALUES(450, 9, 24, 'La América', 1);
INSERT INTO `sectores` (`id`, `municipio_id`, `comuna_id`, `nombre_sect`, `tipo`) VALUES(451, 9, 24, 'Ferrini', 1);
INSERT INTO `sectores` (`id`, `municipio_id`, `comuna_id`, `nombre_sect`, `tipo`) VALUES(452, 9, 24, 'Calasanz', 1);
INSERT INTO `sectores` (`id`, `municipio_id`, `comuna_id`, `nombre_sect`, `tipo`) VALUES(453, 9, 24, 'Los Pinos', 1);
INSERT INTO `sectores` (`id`, `municipio_id`, `comuna_id`, `nombre_sect`, `tipo`) VALUES(454, 9, 24, 'La Floresta', 1);
INSERT INTO `sectores` (`id`, `municipio_id`, `comuna_id`, `nombre_sect`, `tipo`) VALUES(455, 9, 24, 'Santa Lucía', 1);
INSERT INTO `sectores` (`id`, `municipio_id`, `comuna_id`, `nombre_sect`, `tipo`) VALUES(456, 9, 24, 'El Danubio', 1);
INSERT INTO `sectores` (`id`, `municipio_id`, `comuna_id`, `nombre_sect`, `tipo`) VALUES(457, 9, 24, 'Campo Alegre', 1);
INSERT INTO `sectores` (`id`, `municipio_id`, `comuna_id`, `nombre_sect`, `tipo`) VALUES(458, 9, 24, 'Santa Mónica', 1);
INSERT INTO `sectores` (`id`, `municipio_id`, `comuna_id`, `nombre_sect`, `tipo`) VALUES(459, 9, 24, 'Barrio Cristóbal', 1);
INSERT INTO `sectores` (`id`, `municipio_id`, `comuna_id`, `nombre_sect`, `tipo`) VALUES(460, 9, 24, 'Simón Bolívar', 1);
INSERT INTO `sectores` (`id`, `municipio_id`, `comuna_id`, `nombre_sect`, `tipo`) VALUES(461, 9, 24, 'Santa Teresita', 1);
INSERT INTO `sectores` (`id`, `municipio_id`, `comuna_id`, `nombre_sect`, `tipo`) VALUES(462, 9, 24, 'Calasanz Parte Alta', 1);
INSERT INTO `sectores` (`id`, `municipio_id`, `comuna_id`, `nombre_sect`, `tipo`) VALUES(463, 9, 25, 'San Javier Nº 1', 1);
INSERT INTO `sectores` (`id`, `municipio_id`, `comuna_id`, `nombre_sect`, `tipo`) VALUES(464, 9, 25, 'San Javier Nº 2', 1);
INSERT INTO `sectores` (`id`, `municipio_id`, `comuna_id`, `nombre_sect`, `tipo`) VALUES(465, 9, 25, 'El Pesebre', 1);
INSERT INTO `sectores` (`id`, `municipio_id`, `comuna_id`, `nombre_sect`, `tipo`) VALUES(466, 9, 25, 'Blanquizal', 1);
INSERT INTO `sectores` (`id`, `municipio_id`, `comuna_id`, `nombre_sect`, `tipo`) VALUES(467, 9, 25, 'Santa Rosa de Lima', 1);
INSERT INTO `sectores` (`id`, `municipio_id`, `comuna_id`, `nombre_sect`, `tipo`) VALUES(468, 9, 25, 'Los Alcázares', 1);
INSERT INTO `sectores` (`id`, `municipio_id`, `comuna_id`, `nombre_sect`, `tipo`) VALUES(469, 9, 25, 'Metropolitano', 1);
INSERT INTO `sectores` (`id`, `municipio_id`, `comuna_id`, `nombre_sect`, `tipo`) VALUES(470, 9, 25, 'La Pradera', 1);
INSERT INTO `sectores` (`id`, `municipio_id`, `comuna_id`, `nombre_sect`, `tipo`) VALUES(471, 9, 25, 'Juan XXIII', 1);
INSERT INTO `sectores` (`id`, `municipio_id`, `comuna_id`, `nombre_sect`, `tipo`) VALUES(472, 9, 25, 'La Divisa', 1);
INSERT INTO `sectores` (`id`, `municipio_id`, `comuna_id`, `nombre_sect`, `tipo`) VALUES(473, 9, 25, 'Veinte de Julio', 1);
INSERT INTO `sectores` (`id`, `municipio_id`, `comuna_id`, `nombre_sect`, `tipo`) VALUES(474, 9, 25, 'Belencito', 1);
INSERT INTO `sectores` (`id`, `municipio_id`, `comuna_id`, `nombre_sect`, `tipo`) VALUES(475, 9, 25, 'Betania', 1);
INSERT INTO `sectores` (`id`, `municipio_id`, `comuna_id`, `nombre_sect`, `tipo`) VALUES(476, 9, 25, 'El Corazón', 1);
INSERT INTO `sectores` (`id`, `municipio_id`, `comuna_id`, `nombre_sect`, `tipo`) VALUES(477, 9, 25, 'Las Independencias', 1);
INSERT INTO `sectores` (`id`, `municipio_id`, `comuna_id`, `nombre_sect`, `tipo`) VALUES(478, 9, 25, 'Nuevos Conquistadores', 1);
INSERT INTO `sectores` (`id`, `municipio_id`, `comuna_id`, `nombre_sect`, `tipo`) VALUES(479, 9, 25, 'El Salado', 1);
INSERT INTO `sectores` (`id`, `municipio_id`, `comuna_id`, `nombre_sect`, `tipo`) VALUES(480, 9, 25, 'Eduardo Santos', 1);
INSERT INTO `sectores` (`id`, `municipio_id`, `comuna_id`, `nombre_sect`, `tipo`) VALUES(481, 9, 25, 'Peñitas', 1);
INSERT INTO `sectores` (`id`, `municipio_id`, `comuna_id`, `nombre_sect`, `tipo`) VALUES(482, 9, 25, 'Antonio Nariño', 1);
INSERT INTO `sectores` (`id`, `municipio_id`, `comuna_id`, `nombre_sect`, `tipo`) VALUES(483, 9, 25, 'El Socorro', 1);
INSERT INTO `sectores` (`id`, `municipio_id`, `comuna_id`, `nombre_sect`, `tipo`) VALUES(484, 9, 25, 'Calasania', 1);
INSERT INTO `sectores` (`id`, `municipio_id`, `comuna_id`, `nombre_sect`, `tipo`) VALUES(485, 9, 26, 'Castropol', 1);
INSERT INTO `sectores` (`id`, `municipio_id`, `comuna_id`, `nombre_sect`, `tipo`) VALUES(486, 9, 26, 'Barrio Colombia', 1);
INSERT INTO `sectores` (`id`, `municipio_id`, `comuna_id`, `nombre_sect`, `tipo`) VALUES(487, 9, 26, 'Villa Carlota', 1);
INSERT INTO `sectores` (`id`, `municipio_id`, `comuna_id`, `nombre_sect`, `tipo`) VALUES(488, 9, 26, 'Lalinde', 1);
INSERT INTO `sectores` (`id`, `municipio_id`, `comuna_id`, `nombre_sect`, `tipo`) VALUES(489, 9, 26, 'Manila', 1);
INSERT INTO `sectores` (`id`, `municipio_id`, `comuna_id`, `nombre_sect`, `tipo`) VALUES(490, 9, 26, 'Las Lomas Nº 1', 1);
INSERT INTO `sectores` (`id`, `municipio_id`, `comuna_id`, `nombre_sect`, `tipo`) VALUES(491, 9, 26, 'Las Lomas Nº 2', 1);
INSERT INTO `sectores` (`id`, `municipio_id`, `comuna_id`, `nombre_sect`, `tipo`) VALUES(492, 9, 26, 'Altos del Poblado', 1);
INSERT INTO `sectores` (`id`, `municipio_id`, `comuna_id`, `nombre_sect`, `tipo`) VALUES(493, 9, 26, 'El Tesoro', 1);
INSERT INTO `sectores` (`id`, `municipio_id`, `comuna_id`, `nombre_sect`, `tipo`) VALUES(494, 9, 26, 'Los Naranjos', 1);
INSERT INTO `sectores` (`id`, `municipio_id`, `comuna_id`, `nombre_sect`, `tipo`) VALUES(495, 9, 26, 'Los Balsos Nº 1', 1);
INSERT INTO `sectores` (`id`, `municipio_id`, `comuna_id`, `nombre_sect`, `tipo`) VALUES(496, 9, 26, 'Los Balsos Nº 2', 1);
INSERT INTO `sectores` (`id`, `municipio_id`, `comuna_id`, `nombre_sect`, `tipo`) VALUES(497, 9, 26, 'San Lucas', 1);
INSERT INTO `sectores` (`id`, `municipio_id`, `comuna_id`, `nombre_sect`, `tipo`) VALUES(498, 9, 26, 'El Diamante', 1);
INSERT INTO `sectores` (`id`, `municipio_id`, `comuna_id`, `nombre_sect`, `tipo`) VALUES(499, 9, 26, 'El Castillo', 1);
INSERT INTO `sectores` (`id`, `municipio_id`, `comuna_id`, `nombre_sect`, `tipo`) VALUES(500, 9, 26, 'Alejandría', 1);
INSERT INTO `sectores` (`id`, `municipio_id`, `comuna_id`, `nombre_sect`, `tipo`) VALUES(501, 9, 26, 'La Florida', 1);
INSERT INTO `sectores` (`id`, `municipio_id`, `comuna_id`, `nombre_sect`, `tipo`) VALUES(502, 9, 26, 'El Poblado', 1);
INSERT INTO `sectores` (`id`, `municipio_id`, `comuna_id`, `nombre_sect`, `tipo`) VALUES(503, 9, 26, 'Astorga', 1);
INSERT INTO `sectores` (`id`, `municipio_id`, `comuna_id`, `nombre_sect`, `tipo`) VALUES(504, 9, 26, 'Patio Bonito', 1);
INSERT INTO `sectores` (`id`, `municipio_id`, `comuna_id`, `nombre_sect`, `tipo`) VALUES(505, 9, 26, 'La Aguacatala', 1);
INSERT INTO `sectores` (`id`, `municipio_id`, `comuna_id`, `nombre_sect`, `tipo`) VALUES(506, 9, 26, 'Santa María de Los Ángeles', 1);
INSERT INTO `sectores` (`id`, `municipio_id`, `comuna_id`, `nombre_sect`, `tipo`) VALUES(507, 9, 27, 'Tenche', 1);
INSERT INTO `sectores` (`id`, `municipio_id`, `comuna_id`, `nombre_sect`, `tipo`) VALUES(508, 9, 27, 'Trinidad', 1);
INSERT INTO `sectores` (`id`, `municipio_id`, `comuna_id`, `nombre_sect`, `tipo`) VALUES(509, 9, 27, 'Santa Fe', 1);
INSERT INTO `sectores` (`id`, `municipio_id`, `comuna_id`, `nombre_sect`, `tipo`) VALUES(510, 9, 27, 'Campo Amor', 1);
INSERT INTO `sectores` (`id`, `municipio_id`, `comuna_id`, `nombre_sect`, `tipo`) VALUES(511, 9, 27, 'Cristo Rey', 1);
INSERT INTO `sectores` (`id`, `municipio_id`, `comuna_id`, `nombre_sect`, `tipo`) VALUES(512, 9, 27, 'Guayabal', 1);
INSERT INTO `sectores` (`id`, `municipio_id`, `comuna_id`, `nombre_sect`, `tipo`) VALUES(513, 9, 27, 'La Colina', 1);
INSERT INTO `sectores` (`id`, `municipio_id`, `comuna_id`, `nombre_sect`, `tipo`) VALUES(514, 9, 28, 'Belén', 1);
INSERT INTO `sectores` (`id`, `municipio_id`, `comuna_id`, `nombre_sect`, `tipo`) VALUES(515, 9, 28, 'Rodeo Alto', 1);
INSERT INTO `sectores` (`id`, `municipio_id`, `comuna_id`, `nombre_sect`, `tipo`) VALUES(516, 9, 28, 'Aguas Frías', 1);
INSERT INTO `sectores` (`id`, `municipio_id`, `comuna_id`, `nombre_sect`, `tipo`) VALUES(517, 9, 28, 'Cerro Nutibara', 1);
INSERT INTO `sectores` (`id`, `municipio_id`, `comuna_id`, `nombre_sect`, `tipo`) VALUES(518, 9, 28, 'Fátima', 1);
INSERT INTO `sectores` (`id`, `municipio_id`, `comuna_id`, `nombre_sect`, `tipo`) VALUES(519, 9, 28, 'Rosales', 1);
INSERT INTO `sectores` (`id`, `municipio_id`, `comuna_id`, `nombre_sect`, `tipo`) VALUES(520, 9, 28, 'Granada', 1);
INSERT INTO `sectores` (`id`, `municipio_id`, `comuna_id`, `nombre_sect`, `tipo`) VALUES(521, 9, 28, 'San Bernardo', 1);
INSERT INTO `sectores` (`id`, `municipio_id`, `comuna_id`, `nombre_sect`, `tipo`) VALUES(522, 9, 28, 'Las Playas', 1);
INSERT INTO `sectores` (`id`, `municipio_id`, `comuna_id`, `nombre_sect`, `tipo`) VALUES(523, 9, 28, 'Diego Echavarria', 1);
INSERT INTO `sectores` (`id`, `municipio_id`, `comuna_id`, `nombre_sect`, `tipo`) VALUES(524, 9, 28, 'La Mota', 1);
INSERT INTO `sectores` (`id`, `municipio_id`, `comuna_id`, `nombre_sect`, `tipo`) VALUES(525, 9, 28, 'El Rincón', 1);
INSERT INTO `sectores` (`id`, `municipio_id`, `comuna_id`, `nombre_sect`, `tipo`) VALUES(526, 9, 28, 'La Hondonada', 1);
INSERT INTO `sectores` (`id`, `municipio_id`, `comuna_id`, `nombre_sect`, `tipo`) VALUES(527, 9, 28, 'La Loma de Los Bernal', 1);
INSERT INTO `sectores` (`id`, `municipio_id`, `comuna_id`, `nombre_sect`, `tipo`) VALUES(528, 9, 28, 'La Gloria', 1);
INSERT INTO `sectores` (`id`, `municipio_id`, `comuna_id`, `nombre_sect`, `tipo`) VALUES(529, 9, 28, 'Altavista', 1);
INSERT INTO `sectores` (`id`, `municipio_id`, `comuna_id`, `nombre_sect`, `tipo`) VALUES(530, 9, 28, 'La Palma', 1);
INSERT INTO `sectores` (`id`, `municipio_id`, `comuna_id`, `nombre_sect`, `tipo`) VALUES(531, 9, 28, 'Zafra', 1);
INSERT INTO `sectores` (`id`, `municipio_id`, `comuna_id`, `nombre_sect`, `tipo`) VALUES(532, 9, 28, 'Los Alpes', 1);
INSERT INTO `sectores` (`id`, `municipio_id`, `comuna_id`, `nombre_sect`, `tipo`) VALUES(533, 9, 28, 'Las Violetas', 1);
INSERT INTO `sectores` (`id`, `municipio_id`, `comuna_id`, `nombre_sect`, `tipo`) VALUES(534, 9, 28, 'Las Mercedes', 1);
INSERT INTO `sectores` (`id`, `municipio_id`, `comuna_id`, `nombre_sect`, `tipo`) VALUES(535, 9, 28, 'Nueva Villa de Aburrá', 1);
INSERT INTO `sectores` (`id`, `municipio_id`, `comuna_id`, `nombre_sect`, `tipo`) VALUES(536, 9, 28, 'Miravalle', 1);
INSERT INTO `sectores` (`id`, `municipio_id`, `comuna_id`, `nombre_sect`, `tipo`) VALUES(537, 9, 28, 'El Nogal - Los Almendros', 1);
INSERT INTO `sectores` (`id`, `municipio_id`, `comuna_id`, `nombre_sect`, `tipo`) VALUES(538, 9, 28, 'Villa café', 1);
INSERT INTO `sectores` (`id`, `municipio_id`, `comuna_id`, `nombre_sect`, `tipo`) VALUES(539, 9, 29, 'Palmitas Sector Central', 0);
INSERT INTO `sectores` (`id`, `municipio_id`, `comuna_id`, `nombre_sect`, `tipo`) VALUES(540, 9, 29, 'Urquitá', 0);
INSERT INTO `sectores` (`id`, `municipio_id`, `comuna_id`, `nombre_sect`, `tipo`) VALUES(541, 9, 30, 'La Palma', 0);
INSERT INTO `sectores` (`id`, `municipio_id`, `comuna_id`, `nombre_sect`, `tipo`) VALUES(542, 9, 30, 'El Llano', 0);
INSERT INTO `sectores` (`id`, `municipio_id`, `comuna_id`, `nombre_sect`, `tipo`) VALUES(543, 9, 30, 'Pedregal Alto', 0);
INSERT INTO `sectores` (`id`, `municipio_id`, `comuna_id`, `nombre_sect`, `tipo`) VALUES(544, 9, 30, 'Pajarito-AME-', 0);
INSERT INTO `sectores` (`id`, `municipio_id`, `comuna_id`, `nombre_sect`, `tipo`) VALUES(545, 9, 30, 'La Loma', 0);
INSERT INTO `sectores` (`id`, `municipio_id`, `comuna_id`, `nombre_sect`, `tipo`) VALUES(546, 9, 31, 'Potrerito ', 0);
INSERT INTO `sectores` (`id`, `municipio_id`, `comuna_id`, `nombre_sect`, `tipo`) VALUES(547, 9, 31, 'La Florida', 0);
INSERT INTO `sectores` (`id`, `municipio_id`, `comuna_id`, `nombre_sect`, `tipo`) VALUES(548, 9, 32, 'Santa Elena Sector Central', 0);
INSERT INTO `sectores` (`id`, `municipio_id`, `comuna_id`, `nombre_sect`, `tipo`) VALUES(549, 9, 32, 'Barro Blanco', 0);
INSERT INTO `sectores` (`id`, `municipio_id`, `comuna_id`, `nombre_sect`, `tipo`) VALUES(550, 9, 32, 'Mazo', 0);
INSERT INTO `sectores` (`id`, `municipio_id`, `comuna_id`, `nombre_sect`, `tipo`) VALUES(551, 9, 32, 'Mazo – Los Vasquéz', 0);
INSERT INTO `sectores` (`id`, `municipio_id`, `comuna_id`, `nombre_sect`, `tipo`) VALUES(552, 9, 33, 'El Corazón El Morro', 0);
INSERT INTO `sectores` (`id`, `municipio_id`, `comuna_id`, `nombre_sect`, `tipo`) VALUES(553, 9, 33, 'Aguas Frías – San Pablo', 0);
INSERT INTO `sectores` (`id`, `municipio_id`, `comuna_id`, `nombre_sect`, `tipo`) VALUES(554, 9, 33, 'San José de Manzanillo', 0);
INSERT INTO `sectores` (`id`, `municipio_id`, `comuna_id`, `nombre_sect`, `tipo`) VALUES(555, 9, 33, 'Buga Patio Bonito', 0);
INSERT INTO `sectores` (`id`, `municipio_id`, `comuna_id`, `nombre_sect`, `tipo`) VALUES(556, 7, 34, 'Comuna 1', 1);
INSERT INTO `sectores` (`id`, `municipio_id`, `comuna_id`, `nombre_sect`, `tipo`) VALUES(557, 7, 34, 'Zona Industrial Nº1', 1);
INSERT INTO `sectores` (`id`, `municipio_id`, `comuna_id`, `nombre_sect`, `tipo`) VALUES(558, 7, 34, 'Zona Industrial Nº2', 1);
INSERT INTO `sectores` (`id`, `municipio_id`, `comuna_id`, `nombre_sect`, `tipo`) VALUES(559, 7, 34, 'La Independencia', 1);
INSERT INTO `sectores` (`id`, `municipio_id`, `comuna_id`, `nombre_sect`, `tipo`) VALUES(560, 7, 34, 'La Santa Cruz', 1);
INSERT INTO `sectores` (`id`, `municipio_id`, `comuna_id`, `nombre_sect`, `tipo`) VALUES(561, 7, 34, 'San José', 1);
INSERT INTO `sectores` (`id`, `municipio_id`, `comuna_id`, `nombre_sect`, `tipo`) VALUES(562, 7, 34, 'Araucaria', 1);
INSERT INTO `sectores` (`id`, `municipio_id`, `comuna_id`, `nombre_sect`, `tipo`) VALUES(563, 7, 34, 'La Gloria', 1);
INSERT INTO `sectores` (`id`, `municipio_id`, `comuna_id`, `nombre_sect`, `tipo`) VALUES(564, 7, 34, 'Las Mercedes', 1);
INSERT INTO `sectores` (`id`, `municipio_id`, `comuna_id`, `nombre_sect`, `tipo`) VALUES(565, 7, 34, 'Centro', 1);
INSERT INTO `sectores` (`id`, `municipio_id`, `comuna_id`, `nombre_sect`, `tipo`) VALUES(566, 7, 34, 'Asturias', 1);
INSERT INTO `sectores` (`id`, `municipio_id`, `comuna_id`, `nombre_sect`, `tipo`) VALUES(567, 7, 34, 'Los Naranjos', 1);
INSERT INTO `sectores` (`id`, `municipio_id`, `comuna_id`, `nombre_sect`, `tipo`) VALUES(568, 7, 34, 'Villa Paula', 1);
INSERT INTO `sectores` (`id`, `municipio_id`, `comuna_id`, `nombre_sect`, `tipo`) VALUES(569, 7, 34, 'Artex', 1);
INSERT INTO `sectores` (`id`, `municipio_id`, `comuna_id`, `nombre_sect`, `tipo`) VALUES(570, 7, 34, 'Playa Rica', 1);
INSERT INTO `sectores` (`id`, `municipio_id`, `comuna_id`, `nombre_sect`, `tipo`) VALUES(571, 7, 34, 'Satexco', 1);
INSERT INTO `sectores` (`id`, `municipio_id`, `comuna_id`, `nombre_sect`, `tipo`) VALUES(572, 7, 34, 'San Isidro', 1);
INSERT INTO `sectores` (`id`, `municipio_id`, `comuna_id`, `nombre_sect`, `tipo`) VALUES(573, 7, 35, 'Santa Catalina', 1);
INSERT INTO `sectores` (`id`, `municipio_id`, `comuna_id`, `nombre_sect`, `tipo`) VALUES(574, 7, 35, 'Samaria Robles de Sur', 1);
INSERT INTO `sectores` (`id`, `municipio_id`, `comuna_id`, `nombre_sect`, `tipo`) VALUES(575, 7, 35, 'La Finca', 1);
INSERT INTO `sectores` (`id`, `municipio_id`, `comuna_id`, `nombre_sect`, `tipo`) VALUES(576, 7, 35, 'Yarumito', 1);
INSERT INTO `sectores` (`id`, `municipio_id`, `comuna_id`, `nombre_sect`, `tipo`) VALUES(577, 7, 35, 'El Palmar', 1);
INSERT INTO `sectores` (`id`, `municipio_id`, `comuna_id`, `nombre_sect`, `tipo`) VALUES(578, 7, 35, 'Santa Ana', 1);
INSERT INTO `sectores` (`id`, `municipio_id`, `comuna_id`, `nombre_sect`, `tipo`) VALUES(579, 7, 35, 'Samaria Nº1', 1);
INSERT INTO `sectores` (`id`, `municipio_id`, `comuna_id`, `nombre_sect`, `tipo`) VALUES(580, 7, 35, 'Las Margaritas', 1);
INSERT INTO `sectores` (`id`, `municipio_id`, `comuna_id`, `nombre_sect`, `tipo`) VALUES(581, 7, 35, 'Malta', 1);
INSERT INTO `sectores` (`id`, `municipio_id`, `comuna_id`, `nombre_sect`, `tipo`) VALUES(582, 7, 35, 'Monte Verde', 1);
INSERT INTO `sectores` (`id`, `municipio_id`, `comuna_id`, `nombre_sect`, `tipo`) VALUES(583, 7, 35, 'Camparola', 1);
INSERT INTO `sectores` (`id`, `municipio_id`, `comuna_id`, `nombre_sect`, `tipo`) VALUES(584, 7, 35, 'San Pio X', 1);
INSERT INTO `sectores` (`id`, `municipio_id`, `comuna_id`, `nombre_sect`, `tipo`) VALUES(585, 7, 35, 'La Palma', 1);
INSERT INTO `sectores` (`id`, `municipio_id`, `comuna_id`, `nombre_sect`, `tipo`) VALUES(586, 7, 35, 'Jardines Montesacro', 1);
INSERT INTO `sectores` (`id`, `municipio_id`, `comuna_id`, `nombre_sect`, `tipo`) VALUES(587, 7, 35, 'Villa Lucia', 1);
INSERT INTO `sectores` (`id`, `municipio_id`, `comuna_id`, `nombre_sect`, `tipo`) VALUES(588, 7, 36, 'Las Brisas', 1);
INSERT INTO `sectores` (`id`, `municipio_id`, `comuna_id`, `nombre_sect`, `tipo`) VALUES(589, 7, 36, 'Pilsen', 1);
INSERT INTO `sectores` (`id`, `municipio_id`, `comuna_id`, `nombre_sect`, `tipo`) VALUES(590, 7, 36, 'San Javier', 1);
INSERT INTO `sectores` (`id`, `municipio_id`, `comuna_id`, `nombre_sect`, `tipo`) VALUES(591, 7, 36, 'Villa Lia', 1);
INSERT INTO `sectores` (`id`, `municipio_id`, `comuna_id`, `nombre_sect`, `tipo`) VALUES(592, 7, 36, '19 de Abril', 1);
INSERT INTO `sectores` (`id`, `municipio_id`, `comuna_id`, `nombre_sect`, `tipo`) VALUES(593, 7, 36, 'San Gabriel', 1);
INSERT INTO `sectores` (`id`, `municipio_id`, `comuna_id`, `nombre_sect`, `tipo`) VALUES(594, 7, 36, 'San Antonio', 1);
INSERT INTO `sectores` (`id`, `municipio_id`, `comuna_id`, `nombre_sect`, `tipo`) VALUES(595, 7, 36, 'Triana', 1);
INSERT INTO `sectores` (`id`, `municipio_id`, `comuna_id`, `nombre_sect`, `tipo`) VALUES(596, 7, 36, 'Ditaires', 1);
INSERT INTO `sectores` (`id`, `municipio_id`, `comuna_id`, `nombre_sect`, `tipo`) VALUES(597, 7, 36, 'San Francisco', 1);
INSERT INTO `sectores` (`id`, `municipio_id`, `comuna_id`, `nombre_sect`, `tipo`) VALUES(598, 7, 36, 'Glorieta Pilsen', 1);
INSERT INTO `sectores` (`id`, `municipio_id`, `comuna_id`, `nombre_sect`, `tipo`) VALUES(599, 7, 37, 'Santa María Nº 1', 1);
INSERT INTO `sectores` (`id`, `municipio_id`, `comuna_id`, `nombre_sect`, `tipo`) VALUES(600, 7, 37, 'Santa María Nº 2', 1);
INSERT INTO `sectores` (`id`, `municipio_id`, `comuna_id`, `nombre_sect`, `tipo`) VALUES(601, 7, 37, 'Santa María Nº 3', 1);
INSERT INTO `sectores` (`id`, `municipio_id`, `comuna_id`, `nombre_sect`, `tipo`) VALUES(602, 7, 37, 'La Esmeralda', 1);
INSERT INTO `sectores` (`id`, `municipio_id`, `comuna_id`, `nombre_sect`, `tipo`) VALUES(603, 7, 37, 'Simón Bolívar', 1);
INSERT INTO `sectores` (`id`, `municipio_id`, `comuna_id`, `nombre_sect`, `tipo`) VALUES(604, 7, 37, 'San Fernando', 1);
INSERT INTO `sectores` (`id`, `municipio_id`, `comuna_id`, `nombre_sect`, `tipo`) VALUES(605, 7, 37, 'Entre colinas', 1);
INSERT INTO `sectores` (`id`, `municipio_id`, `comuna_id`, `nombre_sect`, `tipo`) VALUES(606, 7, 38, 'Las Acacias', 1);
INSERT INTO `sectores` (`id`, `municipio_id`, `comuna_id`, `nombre_sect`, `tipo`) VALUES(607, 7, 38, 'Las Américas', 1);
INSERT INTO `sectores` (`id`, `municipio_id`, `comuna_id`, `nombre_sect`, `tipo`) VALUES(608, 7, 38, 'El Tablazo', 1);
INSERT INTO `sectores` (`id`, `municipio_id`, `comuna_id`, `nombre_sect`, `tipo`) VALUES(609, 7, 38, 'Calatrava', 1);
INSERT INTO `sectores` (`id`, `municipio_id`, `comuna_id`, `nombre_sect`, `tipo`) VALUES(610, 7, 38, 'Loma Linda', 1);
INSERT INTO `sectores` (`id`, `municipio_id`, `comuna_id`, `nombre_sect`, `tipo`) VALUES(611, 7, 38, 'Terranova Nº 1 y Nº 2', 1);
INSERT INTO `sectores` (`id`, `municipio_id`, `comuna_id`, `nombre_sect`, `tipo`) VALUES(612, 7, 38, 'La Aldea', 1);
INSERT INTO `sectores` (`id`, `municipio_id`, `comuna_id`, `nombre_sect`, `tipo`) VALUES(613, 7, 38, 'Balcones de Sevilla', 1);
INSERT INTO `sectores` (`id`, `municipio_id`, `comuna_id`, `nombre_sect`, `tipo`) VALUES(614, 7, 39, 'Fátima', 1);
INSERT INTO `sectores` (`id`, `municipio_id`, `comuna_id`, `nombre_sect`, `tipo`) VALUES(615, 7, 39, 'El Rosario', 1);
INSERT INTO `sectores` (`id`, `municipio_id`, `comuna_id`, `nombre_sect`, `tipo`) VALUES(616, 7, 39, 'La Unión', 1);
INSERT INTO `sectores` (`id`, `municipio_id`, `comuna_id`, `nombre_sect`, `tipo`) VALUES(617, 7, 39, 'Santa María La Nueva', 1);
INSERT INTO `sectores` (`id`, `municipio_id`, `comuna_id`, `nombre_sect`, `tipo`) VALUES(618, 7, 40, 'La María', 0);
INSERT INTO `sectores` (`id`, `municipio_id`, `comuna_id`, `nombre_sect`, `tipo`) VALUES(619, 7, 40, 'Los Olivares', 0);
INSERT INTO `sectores` (`id`, `municipio_id`, `comuna_id`, `nombre_sect`, `tipo`) VALUES(620, 7, 40, 'Loma de los Zuleta', 0);
INSERT INTO `sectores` (`id`, `municipio_id`, `comuna_id`, `nombre_sect`, `tipo`) VALUES(621, 7, 40, 'El Progreso', 0);
INSERT INTO `sectores` (`id`, `municipio_id`, `comuna_id`, `nombre_sect`, `tipo`) VALUES(622, 7, 40, 'El Pedregal', 0);
INSERT INTO `sectores` (`id`, `municipio_id`, `comuna_id`, `nombre_sect`, `tipo`) VALUES(623, 7, 40, 'Los Gómez', 0);
INSERT INTO `sectores` (`id`, `municipio_id`, `comuna_id`, `nombre_sect`, `tipo`) VALUES(624, 7, 40, 'El Ajizal', 0);
INSERT INTO `sectores` (`id`, `municipio_id`, `comuna_id`, `nombre_sect`, `tipo`) VALUES(625, 7, 40, 'Porvenir', 0);
INSERT INTO `sectores` (`id`, `municipio_id`, `comuna_id`, `nombre_sect`, `tipo`) VALUES(626, 5, 1, 'Las Vegas', 1);
INSERT INTO `sectores` (`id`, `municipio_id`, `comuna_id`, `nombre_sect`, `tipo`) VALUES(627, 5, 1, 'El Portal', 1);
INSERT INTO `sectores` (`id`, `municipio_id`, `comuna_id`, `nombre_sect`, `tipo`) VALUES(628, 5, 1, 'La Magnolia', 1);
INSERT INTO `sectores` (`id`, `municipio_id`, `comuna_id`, `nombre_sect`, `tipo`) VALUES(629, 5, 1, 'San Marcos ', 1);
INSERT INTO `sectores` (`id`, `municipio_id`, `comuna_id`, `nombre_sect`, `tipo`) VALUES(630, 5, 1, 'Pontevedra', 1);
INSERT INTO `sectores` (`id`, `municipio_id`, `comuna_id`, `nombre_sect`, `tipo`) VALUES(631, 5, 1, 'Jardines', 1);
INSERT INTO `sectores` (`id`, `municipio_id`, `comuna_id`, `nombre_sect`, `tipo`) VALUES(632, 5, 1, 'Villagrande', 1);
INSERT INTO `sectores` (`id`, `municipio_id`, `comuna_id`, `nombre_sect`, `tipo`) VALUES(633, 5, 1, 'La Pradera', 1);
INSERT INTO `sectores` (`id`, `municipio_id`, `comuna_id`, `nombre_sect`, `tipo`) VALUES(634, 5, 1, 'La Sebastiana', 1);
INSERT INTO `sectores` (`id`, `municipio_id`, `comuna_id`, `nombre_sect`, `tipo`) VALUES(635, 5, 1, 'Las Flores', 1);
INSERT INTO `sectores` (`id`, `municipio_id`, `comuna_id`, `nombre_sect`, `tipo`) VALUES(636, 5, 1, 'Uribe Ángel', 1);
INSERT INTO `sectores` (`id`, `municipio_id`, `comuna_id`, `nombre_sect`, `tipo`) VALUES(637, 5, 1, 'Alto de Misael', 1);
INSERT INTO `sectores` (`id`, `municipio_id`, `comuna_id`, `nombre_sect`, `tipo`) VALUES(638, 5, 1, 'Las Orquídeas', 1);
INSERT INTO `sectores` (`id`, `municipio_id`, `comuna_id`, `nombre_sect`, `tipo`) VALUES(639, 5, 1, 'El Esmeraldal', 1);
INSERT INTO `sectores` (`id`, `municipio_id`, `comuna_id`, `nombre_sect`, `tipo`) VALUES(640, 5, 1, 'Loma El Atravesado', 1);
INSERT INTO `sectores` (`id`, `municipio_id`, `comuna_id`, `nombre_sect`, `tipo`) VALUES(641, 5, 1, 'San Mateo', 1);
INSERT INTO `sectores` (`id`, `municipio_id`, `comuna_id`, `nombre_sect`, `tipo`) VALUES(642, 5, 1, 'Zuñiga', 1);
INSERT INTO `sectores` (`id`, `municipio_id`, `comuna_id`, `nombre_sect`, `tipo`) VALUES(643, 5, 1, 'Bosques de Zuñiga', 1);
INSERT INTO `sectores` (`id`, `municipio_id`, `comuna_id`, `nombre_sect`, `tipo`) VALUES(644, 5, 1, 'Loma de Las Brujas', 1);
INSERT INTO `sectores` (`id`, `municipio_id`, `comuna_id`, `nombre_sect`, `tipo`) VALUES(645, 5, 1, 'La Pradera', 1);
INSERT INTO `sectores` (`id`, `municipio_id`, `comuna_id`, `nombre_sect`, `tipo`) VALUES(646, 5, 1, 'El Chocho', 1);
INSERT INTO `sectores` (`id`, `municipio_id`, `comuna_id`, `nombre_sect`, `tipo`) VALUES(647, 5, 1, 'La Inmaculada', 1);
INSERT INTO `sectores` (`id`, `municipio_id`, `comuna_id`, `nombre_sect`, `tipo`) VALUES(648, 5, 1, 'El Chinguí', 1);
INSERT INTO `sectores` (`id`, `municipio_id`, `comuna_id`, `nombre_sect`, `tipo`) VALUES(649, 5, 1, 'El Salado', 1);
INSERT INTO `sectores` (`id`, `municipio_id`, `comuna_id`, `nombre_sect`, `tipo`) VALUES(650, 5, 1, 'La Mina', 1);
INSERT INTO `sectores` (`id`, `municipio_id`, `comuna_id`, `nombre_sect`, `tipo`) VALUES(651, 5, 1, 'San Rafael', 1);
INSERT INTO `sectores` (`id`, `municipio_id`, `comuna_id`, `nombre_sect`, `tipo`) VALUES(652, 5, 1, 'Las Antillas', 1);
INSERT INTO `sectores` (`id`, `municipio_id`, `comuna_id`, `nombre_sect`, `tipo`) VALUES(653, 5, 1, 'El Trianón', 1);
INSERT INTO `sectores` (`id`, `municipio_id`, `comuna_id`, `nombre_sect`, `tipo`) VALUES(654, 5, 1, 'Loma del Barro', 1);
INSERT INTO `sectores` (`id`, `municipio_id`, `comuna_id`, `nombre_sect`, `tipo`) VALUES(655, 5, 1, 'La Paz', 1);
INSERT INTO `sectores` (`id`, `municipio_id`, `comuna_id`, `nombre_sect`, `tipo`) VALUES(656, 5, 1, 'Las Casitas', 1);
INSERT INTO `sectores` (`id`, `municipio_id`, `comuna_id`, `nombre_sect`, `tipo`) VALUES(657, 5, 1, 'Primavera', 1);
INSERT INTO `sectores` (`id`, `municipio_id`, `comuna_id`, `nombre_sect`, `tipo`) VALUES(658, 5, 1, 'Milán-Vallejuelos', 1);
INSERT INTO `sectores` (`id`, `municipio_id`, `comuna_id`, `nombre_sect`, `tipo`) VALUES(659, 5, 1, 'Alcalá', 1);
INSERT INTO `sectores` (`id`, `municipio_id`, `comuna_id`, `nombre_sect`, `tipo`) VALUES(660, 5, 1, 'El Dorado', 1);
INSERT INTO `sectores` (`id`, `municipio_id`, `comuna_id`, `nombre_sect`, `tipo`) VALUES(661, 5, 1, 'San José', 1);
INSERT INTO `sectores` (`id`, `municipio_id`, `comuna_id`, `nombre_sect`, `tipo`) VALUES(662, 5, 1, 'Los Naranjos', 1);
INSERT INTO `sectores` (`id`, `municipio_id`, `comuna_id`, `nombre_sect`, `tipo`) VALUES(663, 5, 1, 'Barrio Mesa', 1);
INSERT INTO `sectores` (`id`, `municipio_id`, `comuna_id`, `nombre_sect`, `tipo`) VALUES(664, 5, 1, 'Zona Centro', 1);
INSERT INTO `sectores` (`id`, `municipio_id`, `comuna_id`, `nombre_sect`, `tipo`) VALUES(665, 5, 1, 'Barrio Obrero', 1);
INSERT INTO `sectores` (`id`, `municipio_id`, `comuna_id`, `nombre_sect`, `tipo`) VALUES(666, 5, 1, 'Bucarest', 1);
INSERT INTO `sectores` (`id`, `municipio_id`, `comuna_id`, `nombre_sect`, `tipo`) VALUES(667, 5, 1, 'Las Palmas', 0);
INSERT INTO `sectores` (`id`, `municipio_id`, `comuna_id`, `nombre_sect`, `tipo`) VALUES(668, 5, 1, 'El Vallano', 0);
INSERT INTO `sectores` (`id`, `municipio_id`, `comuna_id`, `nombre_sect`, `tipo`) VALUES(669, 5, 1, 'El Escobero', 0);
INSERT INTO `sectores` (`id`, `municipio_id`, `comuna_id`, `nombre_sect`, `tipo`) VALUES(670, 5, 1, 'Santa Catalina', 0);
INSERT INTO `sectores` (`id`, `municipio_id`, `comuna_id`, `nombre_sect`, `tipo`) VALUES(671, 5, 1, 'Pantanillo', 0);
INSERT INTO `sectores` (`id`, `municipio_id`, `comuna_id`, `nombre_sect`, `tipo`) VALUES(672, 5, 1, 'Perico', 0);
INSERT INTO `sectores` (`id`, `municipio_id`, `comuna_id`, `nombre_sect`, `tipo`) VALUES(673, 10, 1, 'Aliadas Del Sur', 1);
INSERT INTO `sectores` (`id`, `municipio_id`, `comuna_id`, `nombre_sect`, `tipo`) VALUES(674, 10, 1, 'Ancon Sur', 1);
INSERT INTO `sectores` (`id`, `municipio_id`, `comuna_id`, `nombre_sect`, `tipo`) VALUES(675, 10, 1, 'Betania', 1);
INSERT INTO `sectores` (`id`, `municipio_id`, `comuna_id`, `nombre_sect`, `tipo`) VALUES(676, 10, 1, 'Calle Del Banco', 1);
INSERT INTO `sectores` (`id`, `municipio_id`, `comuna_id`, `nombre_sect`, `tipo`) VALUES(677, 10, 1, 'Calle Larga', 1);
INSERT INTO `sectores` (`id`, `municipio_id`, `comuna_id`, `nombre_sect`, `tipo`) VALUES(678, 10, 1, 'El Carmelo II', 1);
INSERT INTO `sectores` (`id`, `municipio_id`, `comuna_id`, `nombre_sect`, `tipo`) VALUES(679, 10, 1, 'Entreamigos', 1);
INSERT INTO `sectores` (`id`, `municipio_id`, `comuna_id`, `nombre_sect`, `tipo`) VALUES(680, 10, 1, 'Holanda', 1);
INSERT INTO `sectores` (`id`, `municipio_id`, `comuna_id`, `nombre_sect`, `tipo`) VALUES(681, 10, 1, 'La Barquereña', 1);
INSERT INTO `sectores` (`id`, `municipio_id`, `comuna_id`, `nombre_sect`, `tipo`) VALUES(682, 10, 1, 'La Florida', 1);
INSERT INTO `sectores` (`id`, `municipio_id`, `comuna_id`, `nombre_sect`, `tipo`) VALUES(683, 10, 1, 'La Doctora', 1);
INSERT INTO `sectores` (`id`, `municipio_id`, `comuna_id`, `nombre_sect`, `tipo`) VALUES(684, 10, 1, 'Las Casitas', 1);
INSERT INTO `sectores` (`id`, `municipio_id`, `comuna_id`, `nombre_sect`, `tipo`) VALUES(685, 10, 1, 'Los Alcázarez', 1);
INSERT INTO `sectores` (`id`, `municipio_id`, `comuna_id`, `nombre_sect`, `tipo`) VALUES(686, 10, 1, 'Los Arias', 1);
INSERT INTO `sectores` (`id`, `municipio_id`, `comuna_id`, `nombre_sect`, `tipo`) VALUES(687, 10, 1, 'Manuel Restrepo', 1);
INSERT INTO `sectores` (`id`, `municipio_id`, `comuna_id`, `nombre_sect`, `tipo`) VALUES(688, 10, 1, 'María Auxiliadora', 1);
INSERT INTO `sectores` (`id`, `municipio_id`, `comuna_id`, `nombre_sect`, `tipo`) VALUES(689, 10, 1, 'Nuestra Señora De Los Dolores', 1);
INSERT INTO `sectores` (`id`, `municipio_id`, `comuna_id`, `nombre_sect`, `tipo`) VALUES(690, 10, 1, 'Paso Ancho', 1);
INSERT INTO `sectores` (`id`, `municipio_id`, `comuna_id`, `nombre_sect`, `tipo`) VALUES(691, 10, 1, 'Playas De María', 1);
INSERT INTO `sectores` (`id`, `municipio_id`, `comuna_id`, `nombre_sect`, `tipo`) VALUES(692, 10, 1, 'Prados De Sabaneta', 1);
INSERT INTO `sectores` (`id`, `municipio_id`, `comuna_id`, `nombre_sect`, `tipo`) VALUES(693, 10, 1, 'Promisión', 1);
INSERT INTO `sectores` (`id`, `municipio_id`, `comuna_id`, `nombre_sect`, `tipo`) VALUES(694, 10, 1, 'Restrepo Naranjo', 1);
INSERT INTO `sectores` (`id`, `municipio_id`, `comuna_id`, `nombre_sect`, `tipo`) VALUES(695, 10, 1, 'Sabaneta Real', 1);
INSERT INTO `sectores` (`id`, `municipio_id`, `comuna_id`, `nombre_sect`, `tipo`) VALUES(696, 10, 1, 'San Joaquín', 1);
INSERT INTO `sectores` (`id`, `municipio_id`, `comuna_id`, `nombre_sect`, `tipo`) VALUES(697, 10, 1, 'San Rafael', 1);
INSERT INTO `sectores` (`id`, `municipio_id`, `comuna_id`, `nombre_sect`, `tipo`) VALUES(698, 10, 1, 'Santa Ana', 1);
INSERT INTO `sectores` (`id`, `municipio_id`, `comuna_id`, `nombre_sect`, `tipo`) VALUES(699, 10, 1, 'Tres Esquinas', 1);
INSERT INTO `sectores` (`id`, `municipio_id`, `comuna_id`, `nombre_sect`, `tipo`) VALUES(700, 10, 1, 'Vegas De La Doctora', 1);
INSERT INTO `sectores` (`id`, `municipio_id`, `comuna_id`, `nombre_sect`, `tipo`) VALUES(701, 10, 1, 'Vegas De San José', 1);
INSERT INTO `sectores` (`id`, `municipio_id`, `comuna_id`, `nombre_sect`, `tipo`) VALUES(702, 10, 1, 'Villas Del Carmen', 1);
INSERT INTO `sectores` (`id`, `municipio_id`, `comuna_id`, `nombre_sect`, `tipo`) VALUES(703, 10, 1, 'Virgen Del Carmen', 1);
INSERT INTO `sectores` (`id`, `municipio_id`, `comuna_id`, `nombre_sect`, `tipo`) VALUES(704, 10, 1, 'María Auxiliadora', 0);
INSERT INTO `sectores` (`id`, `municipio_id`, `comuna_id`, `nombre_sect`, `tipo`) VALUES(705, 10, 1, 'Las Lomitas', 0);
INSERT INTO `sectores` (`id`, `municipio_id`, `comuna_id`, `nombre_sect`, `tipo`) VALUES(706, 10, 1, 'La Doctora', 0);
INSERT INTO `sectores` (`id`, `municipio_id`, `comuna_id`, `nombre_sect`, `tipo`) VALUES(707, 10, 1, 'San José', 0);
INSERT INTO `sectores` (`id`, `municipio_id`, `comuna_id`, `nombre_sect`, `tipo`) VALUES(708, 10, 1, 'Cañaveralejo', 0);
INSERT INTO `sectores` (`id`, `municipio_id`, `comuna_id`, `nombre_sect`, `tipo`) VALUES(709, 10, 1, 'Pan de Azúcar', 0);
INSERT INTO `sectores` (`id`, `municipio_id`, `comuna_id`, `nombre_sect`, `tipo`) VALUES(710, 10, 1, 'La Inmaculada', 0);
INSERT INTO `sectores` (`id`, `municipio_id`, `comuna_id`, `nombre_sect`, `tipo`) VALUES(711, 8, 1, 'Ancón San Martín', 1);
INSERT INTO `sectores` (`id`, `municipio_id`, `comuna_id`, `nombre_sect`, `tipo`) VALUES(712, 8, 1, 'Bellavista', 1);
INSERT INTO `sectores` (`id`, `municipio_id`, `comuna_id`, `nombre_sect`, `tipo`) VALUES(713, 8, 1, 'Camilo Torres', 1);
INSERT INTO `sectores` (`id`, `municipio_id`, `comuna_id`, `nombre_sect`, `tipo`) VALUES(714, 8, 1, 'Caqueta', 1);
INSERT INTO `sectores` (`id`, `municipio_id`, `comuna_id`, `nombre_sect`, `tipo`) VALUES(715, 8, 1, 'Centro', 1);
INSERT INTO `sectores` (`id`, `municipio_id`, `comuna_id`, `nombre_sect`, `tipo`) VALUES(716, 8, 1, 'Chile', 1);
INSERT INTO `sectores` (`id`, `municipio_id`, `comuna_id`, `nombre_sect`, `tipo`) VALUES(717, 8, 1, 'El Dorado', 1);
INSERT INTO `sectores` (`id`, `municipio_id`, `comuna_id`, `nombre_sect`, `tipo`) VALUES(718, 8, 1, 'El Pedrero', 1);
INSERT INTO `sectores` (`id`, `municipio_id`, `comuna_id`, `nombre_sect`, `tipo`) VALUES(719, 8, 1, 'Escobar', 1);
INSERT INTO `sectores` (`id`, `municipio_id`, `comuna_id`, `nombre_sect`, `tipo`) VALUES(720, 8, 1, 'Horizontes', 1);
INSERT INTO `sectores` (`id`, `municipio_id`, `comuna_id`, `nombre_sect`, `tipo`) VALUES(721, 8, 1, 'La Chinca', 1);
INSERT INTO `sectores` (`id`, `municipio_id`, `comuna_id`, `nombre_sect`, `tipo`) VALUES(722, 8, 1, 'La Ferreira', 1);
INSERT INTO `sectores` (`id`, `municipio_id`, `comuna_id`, `nombre_sect`, `tipo`) VALUES(723, 8, 1, 'La Ferrería', 1);
INSERT INTO `sectores` (`id`, `municipio_id`, `comuna_id`, `nombre_sect`, `tipo`) VALUES(724, 8, 1, 'La Ospina', 1);
INSERT INTO `sectores` (`id`, `municipio_id`, `comuna_id`, `nombre_sect`, `tipo`) VALUES(725, 8, 1, 'Las Brisas', 1);
INSERT INTO `sectores` (`id`, `municipio_id`, `comuna_id`, `nombre_sect`, `tipo`) VALUES(726, 8, 1, 'Monterrey', 1);
INSERT INTO `sectores` (`id`, `municipio_id`, `comuna_id`, `nombre_sect`, `tipo`) VALUES(727, 8, 1, 'Primavera', 1);
INSERT INTO `sectores` (`id`, `municipio_id`, `comuna_id`, `nombre_sect`, `tipo`) VALUES(728, 8, 1, 'Quebrada Grande', 1);
INSERT INTO `sectores` (`id`, `municipio_id`, `comuna_id`, `nombre_sect`, `tipo`) VALUES(729, 8, 1, 'San Agustín', 1);
INSERT INTO `sectores` (`id`, `municipio_id`, `comuna_id`, `nombre_sect`, `tipo`) VALUES(730, 8, 1, 'San Andrés', 1);
INSERT INTO `sectores` (`id`, `municipio_id`, `comuna_id`, `nombre_sect`, `tipo`) VALUES(731, 8, 1, 'San Cayetano', 1);
INSERT INTO `sectores` (`id`, `municipio_id`, `comuna_id`, `nombre_sect`, `tipo`) VALUES(732, 8, 1, 'San Vicente', 1);
INSERT INTO `sectores` (`id`, `municipio_id`, `comuna_id`, `nombre_sect`, `tipo`) VALUES(733, 8, 1, 'Zona Industrial', 1);
INSERT INTO `sectores` (`id`, `municipio_id`, `comuna_id`, `nombre_sect`, `tipo`) VALUES(734, 8, 1, 'San José', 0);
INSERT INTO `sectores` (`id`, `municipio_id`, `comuna_id`, `nombre_sect`, `tipo`) VALUES(735, 8, 1, 'Tierra Amarilla', 0);
INSERT INTO `sectores` (`id`, `municipio_id`, `comuna_id`, `nombre_sect`, `tipo`) VALUES(736, 8, 1, 'El Guayabo', 0);
INSERT INTO `sectores` (`id`, `municipio_id`, `comuna_id`, `nombre_sect`, `tipo`) VALUES(737, 8, 1, 'Pueblo Viejo', 0);
INSERT INTO `sectores` (`id`, `municipio_id`, `comuna_id`, `nombre_sect`, `tipo`) VALUES(738, 8, 1, 'La Bermejala', 0);
INSERT INTO `sectores` (`id`, `municipio_id`, `comuna_id`, `nombre_sect`, `tipo`) VALUES(739, 8, 1, 'Peñas Blancas', 0);
INSERT INTO `sectores` (`id`, `municipio_id`, `comuna_id`, `nombre_sect`, `tipo`) VALUES(740, 8, 1, 'La Culebra', 0);
INSERT INTO `sectores` (`id`, `municipio_id`, `comuna_id`, `nombre_sect`, `tipo`) VALUES(741, 8, 1, 'La Tablacita', 0);
INSERT INTO `sectores` (`id`, `municipio_id`, `comuna_id`, `nombre_sect`, `tipo`) VALUES(742, 8, 1, 'Juan XXIII', 0);
INSERT INTO `sectores` (`id`, `municipio_id`, `comuna_id`, `nombre_sect`, `tipo`) VALUES(743, 8, 1, 'San Isidro', 0);
INSERT INTO `sectores` (`id`, `municipio_id`, `comuna_id`, `nombre_sect`, `tipo`) VALUES(744, 8, 1, 'Sagrada Familia', 0);
INSERT INTO `sectores` (`id`, `municipio_id`, `comuna_id`, `nombre_sect`, `tipo`) VALUES(745, 8, 1, 'La Raya', 0);
INSERT INTO `sectores` (`id`, `municipio_id`, `comuna_id`, `nombre_sect`, `tipo`) VALUES(746, 3, 1, 'Barrios Unidos', 1);
INSERT INTO `sectores` (`id`, `municipio_id`, `comuna_id`, `nombre_sect`, `tipo`) VALUES(747, 3, 1, 'Los Cerezos', 1);
INSERT INTO `sectores` (`id`, `municipio_id`, `comuna_id`, `nombre_sect`, `tipo`) VALUES(748, 3, 1, 'Cristo Rey', 1);
INSERT INTO `sectores` (`id`, `municipio_id`, `comuna_id`, `nombre_sect`, `tipo`) VALUES(749, 3, 1, 'Olaya Herrera ', 1);
INSERT INTO `sectores` (`id`, `municipio_id`, `comuna_id`, `nombre_sect`, `tipo`) VALUES(750, 3, 1, 'La Docena', 1);
INSERT INTO `sectores` (`id`, `municipio_id`, `comuna_id`, `nombre_sect`, `tipo`) VALUES(751, 3, 1, 'La Inmaculada', 1);
INSERT INTO `sectores` (`id`, `municipio_id`, `comuna_id`, `nombre_sect`, `tipo`) VALUES(752, 3, 1, 'Felipe Echavarría No. 1 ', 1);
INSERT INTO `sectores` (`id`, `municipio_id`, `comuna_id`, `nombre_sect`, `tipo`) VALUES(753, 3, 1, 'Felipe Echavarría No. 2 ', 1);
INSERT INTO `sectores` (`id`, `municipio_id`, `comuna_id`, `nombre_sect`, `tipo`) VALUES(754, 3, 1, 'La Chuscala', 1);
INSERT INTO `sectores` (`id`, `municipio_id`, `comuna_id`, `nombre_sect`, `tipo`) VALUES(755, 3, 1, 'La Planta', 1);
INSERT INTO `sectores` (`id`, `municipio_id`, `comuna_id`, `nombre_sect`, `tipo`) VALUES(756, 3, 1, 'Las Margaritas', 1);
INSERT INTO `sectores` (`id`, `municipio_id`, `comuna_id`, `nombre_sect`, `tipo`) VALUES(757, 3, 1, 'La Acuarela/La Rivera ', 1);
INSERT INTO `sectores` (`id`, `municipio_id`, `comuna_id`, `nombre_sect`, `tipo`) VALUES(758, 3, 1, 'Zona Centro', 1);
INSERT INTO `sectores` (`id`, `municipio_id`, `comuna_id`, `nombre_sect`, `tipo`) VALUES(759, 3, 1, 'Andalucía', 1);
INSERT INTO `sectores` (`id`, `municipio_id`, `comuna_id`, `nombre_sect`, `tipo`) VALUES(760, 3, 1, 'San Judas', 1);
INSERT INTO `sectores` (`id`, `municipio_id`, `comuna_id`, `nombre_sect`, `tipo`) VALUES(761, 3, 1, 'El Socorro', 1);
INSERT INTO `sectores` (`id`, `municipio_id`, `comuna_id`, `nombre_sect`, `tipo`) VALUES(762, 3, 1, 'Juan XXIII', 1);
INSERT INTO `sectores` (`id`, `municipio_id`, `comuna_id`, `nombre_sect`, `tipo`) VALUES(763, 3, 1, 'Villa Capri', 1);
INSERT INTO `sectores` (`id`, `municipio_id`, `comuna_id`, `nombre_sect`, `tipo`) VALUES(764, 3, 1, 'La Buena Esperanza ', 1);
INSERT INTO `sectores` (`id`, `municipio_id`, `comuna_id`, `nombre_sect`, `tipo`) VALUES(765, 3, 1, 'Fundadores', 1);
INSERT INTO `sectores` (`id`, `municipio_id`, `comuna_id`, `nombre_sect`, `tipo`) VALUES(766, 3, 1, 'Centenario', 1);
INSERT INTO `sectores` (`id`, `municipio_id`, `comuna_id`, `nombre_sect`, `tipo`) VALUES(767, 3, 1, 'Mandalay', 1);
INSERT INTO `sectores` (`id`, `municipio_id`, `comuna_id`, `nombre_sect`, `tipo`) VALUES(768, 3, 1, 'La Playita', 1);
INSERT INTO `sectores` (`id`, `municipio_id`, `comuna_id`, `nombre_sect`, `tipo`) VALUES(769, 3, 1, 'Bellavista', 1);
INSERT INTO `sectores` (`id`, `municipio_id`, `comuna_id`, `nombre_sect`, `tipo`) VALUES(770, 3, 1, 'El Cano ', 0);
INSERT INTO `sectores` (`id`, `municipio_id`, `comuna_id`, `nombre_sect`, `tipo`) VALUES(771, 3, 1, 'La Raya', 0);
INSERT INTO `sectores` (`id`, `municipio_id`, `comuna_id`, `nombre_sect`, `tipo`) VALUES(772, 3, 1, 'Primavera', 0);
INSERT INTO `sectores` (`id`, `municipio_id`, `comuna_id`, `nombre_sect`, `tipo`) VALUES(773, 3, 1, 'La Corrala ', 0);
INSERT INTO `sectores` (`id`, `municipio_id`, `comuna_id`, `nombre_sect`, `tipo`) VALUES(774, 3, 1, 'La Miel ', 0);
INSERT INTO `sectores` (`id`, `municipio_id`, `comuna_id`, `nombre_sect`, `tipo`) VALUES(775, 3, 1, 'La Valeria ', 0);
INSERT INTO `sectores` (`id`, `municipio_id`, `comuna_id`, `nombre_sect`, `tipo`) VALUES(776, 3, 1, 'Potrerillo', 0);
INSERT INTO `sectores` (`id`, `municipio_id`, `comuna_id`, `nombre_sect`, `tipo`) VALUES(777, 3, 1, 'Maní el Cardal ', 0);
INSERT INTO `sectores` (`id`, `municipio_id`, `comuna_id`, `nombre_sect`, `tipo`) VALUES(778, 3, 1, 'Sinífana ', 0);
INSERT INTO `sectores` (`id`, `municipio_id`, `comuna_id`, `nombre_sect`, `tipo`) VALUES(779, 3, 1, 'Cardalito Salinas', 0);
INSERT INTO `sectores` (`id`, `municipio_id`, `comuna_id`, `nombre_sect`, `tipo`) VALUES(780, 3, 1, 'La Salada (P.A.)', 0);
INSERT INTO `sectores` (`id`, `municipio_id`, `comuna_id`, `nombre_sect`, `tipo`) VALUES(781, 3, 1, 'La Salada (P.B.) ', 0);
INSERT INTO `sectores` (`id`, `municipio_id`, `comuna_id`, `nombre_sect`, `tipo`) VALUES(782, 3, 1, 'La Clara', 0);
INSERT INTO `sectores` (`id`, `municipio_id`, `comuna_id`, `nombre_sect`, `tipo`) VALUES(783, 3, 1, 'La Quiebra', 0);
INSERT INTO `sectores` (`id`, `municipio_id`, `comuna_id`, `nombre_sect`, `tipo`) VALUES(784, 3, 1, 'La Chuscala ', 0);
INSERT INTO `sectores` (`id`, `municipio_id`, `comuna_id`, `nombre_sect`, `tipo`) VALUES(785, 3, 1, 'El Raizal ', 0);
INSERT INTO `sectores` (`id`, `municipio_id`, `comuna_id`, `nombre_sect`, `tipo`) VALUES(786, 3, 1, 'Minas', 0);
INSERT INTO `sectores` (`id`, `municipio_id`, `comuna_id`, `nombre_sect`, `tipo`) VALUES(787, 3, 1, 'El Sesenta', 0);
INSERT INTO `sectores` (`id`, `municipio_id`, `comuna_id`, `nombre_sect`, `tipo`) VALUES(788, 3, 1, 'Aguacatala', 0);
COMMIT;

/*!40101 SET CHARACTER_SET_CLIENT=@OLD_CHARACTER_SET_CLIENT */;
/*!40101 SET CHARACTER_SET_RESULTS=@OLD_CHARACTER_SET_RESULTS */;
/*!40101 SET COLLATION_CONNECTION=@OLD_COLLATION_CONNECTION */;
